City_ID,City,Country,Date,Lat,Lng,Max Temp,Humidity,Cloudiness,Wind Speed
0,Tasiilaq,GL,2022-07-24 15:49:24,65.6145,-37.6368,44.76,84,45,6.8
1,Qaanaaq,GL,2022-07-24 15:49:25,77.484,-69.3632,39.09,92,100,1.45
2,Saskylakh,RU,2022-07-24 15:49:25,71.9167,114.0833,60.22,76,99,6.51
3,Lebork,PL,2022-07-24 15:49:25,54.5392,17.7501,67.55,67,89,10.65
4,Hilo,US,2022-07-24 15:49:26,19.7297,-155.09,78.28,89,100,5.75
5,Los Llanos De Aridane,ES,2022-07-24 15:49:26,28.6585,-17.9182,74.95,78,40,13.8
6,Kaitangata,NZ,2022-07-24 15:49:26,-46.2817,169.8464,34.57,92,3,2.37
7,Vaini,TO,2022-07-24 15:49:27,-21.2,-175.2,69.96,83,20,6.91
8,Ushuaia,AR,2022-07-24 15:47:09,-54.8,-68.3,37.02,69,0,6.91
9,Anori,BR,2022-07-24 15:49:27,-3.7728,-61.6442,93.92,36,87,3.62
10,Cabo San Lucas,MX,2022-07-24 15:49:28,22.8909,-109.9124,86.61,82,75,5.37
11,Pantai Remis,MY,2022-07-24 15:49:28,4.4557,100.6288,78.82,86,87,3.89
12,Lichuan,CN,2022-07-24 15:49:29,30.3,108.85,64.92,97,12,1.7
13,Namibe,AO,2022-07-24 15:49:29,-15.1961,12.1522,66.45,80,46,6.71
14,Sayyan,YE,2022-07-24 15:49:29,15.1718,44.3244,70.59,51,83,3.47
15,Bluff,NZ,2022-07-24 15:49:30,-46.6,168.3333,37.8,85,21,3.71
16,Luderitz,NA,2022-07-24 15:49:30,-26.6481,15.1594,66.07,51,0,10.47
17,Punta Arenas,CL,2022-07-24 15:49:30,-53.15,-70.9167,37.51,70,20,23.02
18,Liku,ID,2022-07-24 15:49:31,-0.7275,119.8922,75.33,93,91,3.87
19,Puerto Ayora,EC,2022-07-24 15:49:31,-0.7393,-90.3518,75.16,83,46,8.01
20,Bethel,US,2022-07-24 15:49:32,41.3712,-73.414,92.35,52,0,11.5
21,Barrow,US,2022-07-24 15:49:32,71.2906,-156.7887,37.42,93,100,0.0
22,Belyy Yar,RU,2022-07-24 15:49:32,53.6039,91.3903,66.09,63,0,6.71
23,Cururupu,BR,2022-07-24 15:49:33,-1.8283,-44.8683,88.09,53,60,6.62
24,Guerrero Negro,MX,2022-07-24 15:49:33,27.9769,-114.0611,70.86,71,97,5.64
25,Yumen,CN,2022-07-24 15:49:34,40.2833,97.2,84.58,18,18,5.91
26,Isangel,VU,2022-07-24 15:49:34,-19.55,169.2667,76.03,87,0,4.29
27,Lahij,YE,2022-07-24 15:49:34,13.1667,44.5833,90.07,45,28,5.19
28,San Cristobal,VE,2022-07-24 15:49:35,7.7669,-72.225,71.78,36,95,6.87
29,Aurdal,NO,2022-07-24 15:49:35,60.9242,9.4159,59.11,87,100,5.66
30,Ponta Do Sol,PT,2022-07-24 15:49:36,32.6667,-17.1,77.63,51,5,1.9
31,Tiruppuvanam,IN,2022-07-24 15:49:36,9.8333,78.2667,79.18,94,40,3.44
32,Kapaa,US,2022-07-24 15:49:36,22.0752,-159.319,77.32,82,40,12.66
33,Cape Town,ZA,2022-07-24 15:49:15,-33.9258,18.4232,63.37,67,0,13.0
34,Antalaha,MG,2022-07-24 15:49:37,-14.9003,50.2788,69.55,83,12,9.75
35,Barkot,IN,2022-07-24 15:49:37,30.8167,78.2,73.35,92,88,1.34
36,Jamestown,US,2022-07-24 15:49:38,42.097,-79.2353,80.53,73,0,6.91
37,Ambanja,MG,2022-07-24 15:49:38,-13.6833,48.45,75.13,77,42,1.86
38,Saint-Philippe,RE,2022-07-24 15:49:38,-21.3585,55.7679,71.19,81,69,10.71
39,Shakawe,BW,2022-07-24 15:49:39,-18.3667,21.85,75.25,20,0,3.78
40,Pirapora,BR,2022-07-24 15:49:39,-17.345,-44.9419,85.98,26,2,5.93
41,Narsaq,GL,2022-07-24 15:44:48,60.9167,-46.05,52.02,63,16,2.57
42,Havre-Saint-Pierre,CA,2022-07-24 15:49:40,50.2334,-63.5986,71.96,73,0,10.36
43,Leningradskiy,RU,2022-07-24 15:49:40,69.3833,178.4167,34.34,96,100,3.44
44,Jalingo,NG,2022-07-24 15:49:40,8.8833,11.3667,83.68,69,79,4.03
45,Avarua,CK,2022-07-24 15:49:41,-21.2078,-159.775,69.85,56,20,5.75
46,Athens,GR,2022-07-24 15:47:09,37.9795,23.7162,101.8,25,0,13.0
47,Souillac,MU,2022-07-24 15:49:41,-20.5167,57.5167,70.18,73,40,9.22
48,Aswan,EG,2022-07-24 15:49:42,24.0934,32.907,106.9,6,0,10.36
49,Faya,SA,2022-07-24 15:49:42,18.3851,42.4509,66.31,59,99,7.0
50,Rikitea,PF,2022-07-24 15:49:43,-23.1203,-134.9692,74.3,79,80,14.41
51,Fukue,JP,2022-07-24 15:49:43,32.6881,128.8419,78.24,87,83,3.11
52,Rupert,US,2022-07-24 15:47:32,42.6191,-113.6772,66.15,45,0,10.36
53,Mataura,NZ,2022-07-24 15:49:43,-46.1927,168.8643,37.47,98,16,2.48
54,Barra Patuca,HN,2022-07-24 15:49:44,15.8,-84.2833,84.11,69,93,6.33
55,Thompson,CA,2022-07-24 15:49:44,55.7435,-97.8558,66.36,52,75,9.22
56,Antibes,FR,2022-07-24 15:49:45,43.5624,7.1278,90.14,66,20,5.75
57,Federal Way,US,2022-07-24 15:49:45,47.3223,-122.3126,69.01,80,20,3.44
58,Nome,US,2022-07-24 15:49:45,64.5011,-165.4064,46.47,93,100,0.0
59,Nikolskoye,RU,2022-07-24 15:49:46,59.7035,30.7861,67.91,91,100,4.72
60,Mar Del Plata,AR,2022-07-24 15:48:21,-38.0023,-57.5575,54.09,94,100,0.0
61,Guaduas,CO,2022-07-24 15:49:46,5.0669,-74.595,76.26,69,85,2.46
62,Macaubas,BR,2022-07-24 15:49:47,-13.0194,-42.6986,85.59,32,31,9.08
63,Georgetown,MY,2022-07-24 15:49:47,5.4112,100.3354,84.13,90,40,11.99
64,Pevek,RU,2022-07-24 15:49:47,69.7008,170.3133,35.78,89,69,2.19
65,Airai,TL,2022-07-24 15:49:48,-8.9266,125.4092,53.53,86,87,2.01
66,Tuatapere,NZ,2022-07-24 15:49:48,-46.1333,167.6833,41.13,92,51,2.39
67,Sungaipenuh,ID,2022-07-24 15:49:49,-2.0833,101.3833,64.81,99,100,0.83
68,Hermanus,ZA,2022-07-24 15:49:49,-34.4187,19.2345,56.8,65,2,13.71
69,Boden,SE,2022-07-24 15:49:49,65.8252,21.6886,66.2,49,98,5.35
70,Yeppoon,AU,2022-07-24 15:49:50,-23.1333,150.7333,55.18,92,0,7.72
71,Mount Isa,AU,2022-07-24 15:49:50,-20.7333,139.5,51.57,71,0,0.0
72,New Norfolk,AU,2022-07-24 15:49:51,-42.7826,147.0587,46.71,89,72,2.17
73,Jiaxing,CN,2022-07-24 15:49:51,30.7522,120.75,77.27,89,19,7.05
74,Burnie,AU,2022-07-24 15:49:51,-41.0667,145.9167,51.94,84,73,8.99
75,Ilulissat,GL,2022-07-24 15:49:52,69.2167,-51.1,44.62,93,20,3.44
76,Bagotville,AU,2022-07-24 15:49:52,-28.9833,153.4167,53.85,95,54,6.96
77,Krasnyy Oktyabr,RU,2022-07-24 15:49:53,56.1167,38.8833,77.72,53,28,5.14
78,Arraial Do Cabo,BR,2022-07-24 15:49:53,-22.9661,-42.0278,80.56,54,0,18.41
79,Puerto Escondido,MX,2022-07-24 15:49:53,15.85,-97.0667,85.41,65,94,4.76
80,Torbay,CA,2022-07-24 15:48:33,47.6666,-52.7314,85.87,56,20,11.5
81,Aklavik,CA,2022-07-24 15:49:54,68.2191,-135.0107,46.4,93,100,3.44
82,Tuktoyaktuk,CA,2022-07-24 15:49:54,69.4541,-133.0374,44.6,93,100,8.05
83,Guatire,VE,2022-07-24 15:49:54,10.4762,-66.5427,87.69,53,68,3.76
84,Sao Filipe,CV,2022-07-24 15:49:55,14.8961,-24.4956,77.31,86,95,1.36
85,Plastun,RU,2022-07-24 15:49:55,44.7561,136.2939,60.64,94,85,1.81
86,Kavieng,PG,2022-07-24 15:47:16,-2.5744,150.7967,82.04,77,26,8.93
87,Khatanga,RU,2022-07-24 15:49:56,71.9667,102.5,68.61,57,100,11.9
88,East London,ZA,2022-07-24 15:49:56,-33.0153,27.9116,56.34,88,20,11.5
89,Havoysund,NO,2022-07-24 15:49:57,70.9963,24.6622,52.03,80,93,15.1
90,Muros,ES,2022-07-24 15:49:11,42.7762,-9.0603,84.16,68,33,6.51
91,Atuona,PF,2022-07-24 15:49:57,-9.8,-139.0333,76.98,69,59,18.5
92,Qidong,CN,2022-07-24 15:49:58,31.8128,121.6561,80.92,89,0,7.34
93,Port Alfred,ZA,2022-07-24 15:49:58,-33.5906,26.891,54.18,92,73,1.99
94,Abu Dhabi,AE,2022-07-24 15:47:02,24.4667,54.3667,96.91,65,0,9.22
95,Iqaluit,CA,2022-07-24 15:46:06,63.7506,-68.5145,47.93,87,75,6.91
96,Busselton,AU,2022-07-24 15:49:59,-33.65,115.3333,56.53,72,84,12.5
97,Kudahuvadhoo,MV,2022-07-24 15:49:59,2.6708,72.8944,82.89,71,66,7.74
98,Adelaide,AU,2022-07-24 15:48:28,-34.9333,138.6,58.15,83,100,11.5
99,Upernavik,GL,2022-07-24 15:50:00,72.7868,-56.1549,42.22,93,95,4.29
100,Pitimbu,BR,2022-07-24 15:50:00,-7.4706,-34.8086,81.19,72,97,19.39
101,Bredasdorp,ZA,2022-07-24 15:50:01,-34.5322,20.0403,51.6,77,6,8.52
102,Bayshore Gardens,US,2022-07-24 15:50:01,27.4253,-82.5904,92.17,60,0,10.36
103,Kruisfontein,ZA,2022-07-24 15:50:02,-34.0033,24.7314,54.88,84,48,6.51
104,Bilibino,RU,2022-07-24 15:50:02,68.0546,166.4372,41.88,78,45,5.88
105,Gravdal,NO,2022-07-24 15:50:02,68.1214,13.5031,55.29,71,20,14.97
106,Carnarvon,AU,2022-07-24 15:50:03,-24.8667,113.6333,61.18,45,0,16.67
107,Cidreira,BR,2022-07-24 15:50:03,-30.1811,-50.2056,70.84,75,77,4.29
108,Almenara,BR,2022-07-24 15:50:04,-16.1836,-40.6944,84.92,30,85,6.62
109,Nyurba,RU,2022-07-24 15:50:04,63.2842,118.3319,67.06,77,38,7.96
110,Grand Gaube,MU,2022-07-24 15:50:04,-20.0064,57.6608,70.2,73,4,4.0
111,Hobart,AU,2022-07-24 15:46:01,-42.8794,147.3294,47.05,94,72,4.61
112,Flin Flon,CA,2022-07-24 15:50:05,54.7682,-101.865,66.04,55,40,5.75
113,Padang,ID,2022-07-24 15:50:05,-0.9492,100.3543,77.59,88,99,3.47
114,Saint George,US,2022-07-24 15:47:01,37.1041,-113.5841,90.19,36,20,5.75
115,Champerico,GT,2022-07-24 15:50:06,14.3,-91.9167,82.94,76,100,4.41
116,Prince Rupert,CA,2022-07-24 15:50:06,54.3161,-130.3201,57.29,94,100,14.97
117,Albany,US,2022-07-24 15:50:07,42.6001,-73.9662,92.62,45,33,9.71
118,Yulara,AU,2022-07-24 15:50:07,-25.2406,130.9889,55.78,61,0,16.89
119,Port Blair,IN,2022-07-24 15:50:08,11.6667,92.75,78.84,94,40,2.3
120,Harper,LR,2022-07-24 15:50:08,4.375,-7.7169,76.41,76,100,9.22
121,Non Sung,TH,2022-07-24 15:50:08,15.1801,102.2569,86.99,79,43,3.83
122,Dhoraji,IN,2022-07-24 15:50:09,21.7333,70.45,78.98,86,100,13.65
123,San Patricio,US,2022-07-24 15:50:09,28.017,-97.5169,91.27,47,5,14.85
124,Port Elizabeth,ZA,2022-07-24 15:47:11,-33.918,25.5701,57.09,95,75,11.5
125,Bata,GQ,2022-07-24 15:50:10,1.8639,9.7658,77.0,76,53,9.95
126,Viedma,AR,2022-07-24 15:50:10,-40.8135,-62.9967,48.33,72,100,12.73
127,Slave Lake,CA,2022-07-24 15:45:16,55.2834,-114.769,66.18,63,75,11.5
128,Kalianget,ID,2022-07-24 15:50:11,-7.05,113.9333,78.13,69,38,12.46
129,Teonthar,IN,2022-07-24 15:50:11,24.9833,81.65,89.8,56,100,11.03
130,Bambous Virieux,MU,2022-07-24 15:50:11,-20.3428,57.7575,70.05,73,40,9.22
131,Lebu,CL,2022-07-24 15:47:50,-37.6167,-73.65,48.74,96,100,4.41
132,Gat,IL,2022-07-24 15:50:12,31.61,34.7642,87.4,100,0,9.93
133,Markala,ML,2022-07-24 15:50:12,13.7021,-6.0659,91.27,44,100,7.23
134,Talas,TR,2022-07-24 15:50:13,38.6908,35.5538,75.87,33,20,16.11
135,Alofi,NU,2022-07-24 15:50:13,-19.0595,-169.9187,60.69,94,100,3.44
136,Seoul,KR,2022-07-24 15:50:10,37.5683,126.9778,76.6,94,20,5.75
137,Belmonte,BR,2022-07-24 15:50:13,-15.8631,-38.8828,76.84,62,45,9.04
138,Saskatoon,CA,2022-07-24 15:49:05,52.1168,-106.6345,68.16,61,40,9.22
139,Laguna,US,2022-07-24 15:50:14,38.421,-121.4238,80.94,65,0,3.0
140,Fort Smith,US,2022-07-24 15:50:14,35.3859,-94.3986,93.34,53,0,8.05
141,Nushki,PK,2022-07-24 15:50:15,29.5542,66.0215,88.45,42,96,13.56
142,Chadiza,ZM,2022-07-24 15:50:16,-14.0678,32.4392,66.16,44,61,4.32
143,Borovoy,RU,2022-07-24 15:50:16,55.4333,86.0833,56.48,94,40,8.95
144,Castro,BR,2022-07-24 15:50:17,-24.7911,-50.0119,75.47,39,89,2.19
145,Sioux Lookout,CA,2022-07-24 15:50:17,50.1001,-91.917,53.67,82,100,11.5
146,Kochi,IN,2022-07-24 15:50:18,9.9399,76.2602,80.02,86,100,7.31
147,Shache,CN,2022-07-24 15:50:18,38.4167,77.2406,93.42,8,45,2.39
148,Kutum,SD,2022-07-24 15:50:18,14.2,24.6667,92.71,18,29,5.57
149,Los Andes,CL,2022-07-24 15:50:19,-32.8337,-70.5983,63.01,45,100,2.73
150,Omsukchan,RU,2022-07-24 15:50:19,62.5333,155.8,44.33,73,19,5.26
151,Prainha,BR,2022-07-24 15:50:20,-1.8,-53.48,90.46,47,68,5.19
152,Isiro,CD,2022-07-24 15:50:20,2.7739,27.616,74.84,79,96,1.9
153,Cherlak,RU,2022-07-24 15:50:20,54.155,74.8055,57.76,64,24,1.5
154,Srednekolymsk,RU,2022-07-24 15:50:21,67.45,153.6833,55.17,50,100,6.11
155,Wisconsin Rapids,US,2022-07-24 15:48:49,44.3836,-89.8174,77.4,70,0,13.8
156,Minuri,PH,2022-07-24 15:50:21,16.535,121.8574,76.68,93,67,0.34
157,Te Anau,NZ,2022-07-24 15:50:22,-45.4167,167.7167,39.18,96,96,1.61
158,Majene,ID,2022-07-24 15:50:22,-3.5403,118.9707,77.16,85,37,14.36
159,Iberia,US,2022-07-24 15:50:22,29.9502,-91.7507,89.1,79,40,4.61
160,Kodiak,US,2022-07-24 15:46:00,57.79,-152.4072,54.91,88,100,12.66
161,Teahupoo,PF,2022-07-24 15:50:23,-17.8333,-149.2667,73.36,76,3,13.98
162,Joao Pinheiro,BR,2022-07-24 15:50:23,-17.7425,-46.1725,81.82,31,3,6.6
163,Ankazoabo,MG,2022-07-24 15:50:24,-22.2833,44.5167,68.9,57,1,8.23
164,Pakokku,MM,2022-07-24 15:50:24,21.3333,95.1,86.2,61,100,5.53
165,Kawambwa,ZM,2022-07-24 15:50:25,-9.7915,29.0791,73.45,31,67,3.29
166,Tiksi,RU,2022-07-24 15:50:25,71.6872,128.8694,43.34,83,23,3.58
167,Lisala,CD,2022-07-24 15:50:26,2.15,21.5167,83.17,63,57,0.09
168,Kysyl-Syr,RU,2022-07-24 15:50:26,63.8986,122.7617,56.98,82,6,5.53
169,Yellowknife,CA,2022-07-24 15:45:52,62.456,-114.3525,59.56,94,100,5.75
170,Roald,NO,2022-07-24 15:50:26,62.5833,6.1333,64.17,94,40,14.97
171,Road Town,VG,2022-07-24 15:50:08,18.4167,-64.6167,86.09,70,20,12.66
172,Rio Grande,BR,2022-07-24 15:47:59,-32.035,-52.0986,66.31,82,88,2.55
173,Kawalu,ID,2022-07-24 15:50:27,-7.3817,108.2082,70.23,93,100,1.72
174,Cherskiy,RU,2022-07-24 15:50:28,68.75,161.3,49.44,59,48,5.28
175,Samba,IN,2022-07-24 15:50:28,32.5667,75.1167,85.28,68,97,4.56
176,Saint-Francois,FR,2022-07-24 15:50:28,46.4154,3.9054,90.84,35,0,5.75
177,Sosnovo-Ozerskoye,RU,2022-07-24 15:50:29,52.5249,111.5418,58.12,98,100,5.44
178,Savinka,RU,2022-07-24 15:50:29,50.0785,47.0994,68.67,69,100,4.12
179,Bucerias,MX,2022-07-24 15:47:13,20.75,-105.3333,83.98,81,100,2.64
180,Hamilton,US,2022-07-24 15:47:01,39.1834,-84.5333,88.11,71,0,10.36
181,Rawson,AR,2022-07-24 15:50:30,-43.3002,-65.1023,42.3,78,100,12.21
182,Cockburn Town,TC,2022-07-24 15:50:30,21.4612,-71.1419,82.06,75,98,20.27
183,Severo-Kurilsk,RU,2022-07-24 15:50:31,50.6789,156.125,52.68,96,100,9.93
184,Bathsheba,BB,2022-07-24 15:50:31,13.2167,-59.5167,86.61,82,40,18.41
185,Pahalgam,IN,2022-07-24 15:50:32,34.0333,75.3333,63.66,91,100,0.85
186,Mongu,ZM,2022-07-24 15:50:32,-15.2484,23.1274,75.85,22,0,3.38
187,Dudinka,RU,2022-07-24 15:50:32,69.4058,86.1778,56.88,89,90,22.21
188,Tabuk,PH,2022-07-24 15:50:33,17.4189,121.4443,77.09,89,18,2.33
189,Batticaloa,LK,2022-07-24 15:50:33,7.7102,81.6924,81.48,68,100,1.23
190,Mayskiy,RU,2022-07-24 15:50:33,47.6931,40.1025,74.61,46,87,6.29
191,Maryborough,AU,2022-07-24 15:50:34,-25.5333,152.7,54.75,95,2,4.59
192,Progreso,MX,2022-07-24 15:50:34,21.2833,-89.6667,87.12,66,90,10.27
193,General Roca,AR,2022-07-24 15:50:35,-39.0333,-67.5833,46.62,64,100,18.39
194,Pemba,MZ,2022-07-24 15:50:35,-12.974,40.5178,74.1,83,20,11.99
195,Kirakira,SB,2022-07-24 15:50:36,-10.4544,161.9205,78.08,84,7,6.26
196,Taksimo,RU,2022-07-24 15:50:36,56.3444,114.8794,64.56,86,99,0.51
197,Westport,US,2022-07-24 15:45:52,41.1415,-73.3579,94.35,57,65,3.0
198,Itoman,JP,2022-07-24 15:50:37,26.1247,127.6694,84.22,89,75,5.75
199,Baruun-Urt,MN,2022-07-24 15:50:37,46.6806,113.2792,63.66,70,21,6.24
200,Ancud,CL,2022-07-24 15:48:26,-41.8697,-73.8203,46.22,94,100,3.02
201,Idenao,CM,2022-07-24 15:50:38,4.2475,9.0047,75.16,94,100,4.63
202,Esperance,AU,2022-07-24 15:50:38,-33.8667,121.9,53.82,64,85,10.83
203,Quatre Cocos,MU,2022-07-24 15:50:39,-20.2078,57.7625,69.91,72,15,13.06
204,Dicabisagan,PH,2022-07-24 15:50:39,17.0818,122.4157,82.09,84,48,2.1
205,Amapa,BR,2022-07-24 15:50:40,1.0,-52.0,90.1,47,82,4.52
206,Pisco,PE,2022-07-24 15:50:40,-13.7,-76.2167,60.85,88,100,3.44
207,Mokhsogollokh,RU,2022-07-24 15:50:40,61.4681,128.9203,60.66,81,0,2.21
208,Ampanihy,MG,2022-07-24 15:50:41,-24.7,44.75,67.6,69,37,6.58
209,Mayumba,GA,2022-07-24 15:50:41,-3.432,10.6554,73.04,80,50,7.92
210,Beringovskiy,RU,2022-07-24 15:50:41,63.05,179.3167,45.36,75,89,6.93
211,Erdenet,MN,2022-07-24 15:50:42,49.0333,104.0833,50.56,86,94,3.53
212,Caorle,IT,2022-07-24 15:50:42,45.5966,12.8758,101.32,47,0,6.15
213,Lorengau,PG,2022-07-24 15:50:42,-2.0226,147.2712,82.09,79,56,7.87
214,Trelew,AR,2022-07-24 15:48:34,-43.249,-65.3051,41.58,81,100,12.28
215,Turukhansk,RU,2022-07-24 15:50:43,65.8167,87.9833,52.29,90,100,17.78
216,Arvika,SE,2022-07-24 15:50:43,59.6553,12.5852,66.81,79,100,7.43
217,Shizuishan,CN,2022-07-24 15:50:44,39.2333,106.7694,78.87,39,56,17.09
218,Krasnyy Chikoy,RU,2022-07-24 15:50:44,50.3643,108.7512,56.82,98,96,4.92
219,Geraldton,AU,2022-07-24 15:47:35,-28.7667,114.6,52.21,87,100,11.5
220,Zhongshu,CN,2022-07-24 15:50:45,24.5167,103.7667,63.41,92,3,0.65
221,Harij,IN,2022-07-24 15:50:45,23.7,71.9,81.59,82,99,13.42
222,Butaritari,KI,2022-07-24 15:50:45,3.0707,172.7902,82.15,72,30,17.45
223,Jardim,BR,2022-07-24 15:50:46,-21.4803,-56.1381,93.51,20,95,8.9
224,Henties Bay,NA,2022-07-24 15:50:46,-22.116,14.2845,58.39,81,21,6.46
225,Kloulklubed,PW,2022-07-24 15:50:47,7.0419,134.2556,83.1,73,95,6.42
226,Saint Anthony,US,2022-07-24 15:50:47,45.0205,-93.218,76.14,56,0,17.27
227,Grindavik,IS,2022-07-24 15:50:48,63.8424,-22.4338,55.35,82,75,10.36
228,Yarmouth,US,2022-07-24 15:50:48,41.7057,-70.2286,93.65,75,0,11.5
229,Giaveno,IT,2022-07-24 15:50:48,45.047,7.3492,93.63,42,41,3.22
230,Mamaku,NZ,2022-07-24 15:50:49,-38.1,176.0833,47.41,79,100,8.25
231,Kandi,BJ,2022-07-24 15:50:49,11.1342,2.9386,81.86,66,92,5.01
232,Fortuna,US,2022-07-24 15:50:49,40.5982,-124.1573,53.94,67,9,4.41
233,Smyshlyayevka,RU,2022-07-24 15:50:50,53.2391,50.3907,76.24,83,62,5.41
234,Reporoa,NZ,2022-07-24 15:50:50,-38.4333,176.35,47.41,83,100,4.63
235,Port Lincoln,AU,2022-07-24 15:50:51,-34.7333,135.8667,55.13,87,94,14.14
236,Artyom,AZ,2022-07-24 15:50:51,40.4723,50.333,75.34,76,0,23.22
237,Provideniya,RU,2022-07-24 15:50:51,64.3833,-173.3,41.85,90,100,5.1
238,Bambanglipuro,ID,2022-07-24 15:50:52,-7.95,110.2833,72.93,78,23,6.71
239,Chokurdakh,RU,2022-07-24 15:50:52,70.6333,147.9167,48.4,63,92,9.24
240,Russell,US,2022-07-24 15:50:53,32.3502,-85.1999,89.96,70,0,0.0
241,Sao Desiderio,BR,2022-07-24 15:50:53,-12.3633,-44.9733,90.03,27,86,8.55
242,Melville,US,2022-07-24 15:47:25,40.7934,-73.4151,95.07,46,0,14.97
243,Saryg-Sep,RU,2022-07-24 15:50:53,51.5,95.6,56.8,55,7,4.05
244,Kushmurun,KZ,2022-07-24 15:50:54,52.4503,64.6311,74.68,48,8,5.39
245,Sitka,US,2022-07-24 15:50:54,57.0531,-135.33,57.09,82,100,12.66
246,Port Hardy,CA,2022-07-24 15:48:33,50.6996,-127.4199,55.58,94,75,4.61
247,Praia Da Vitoria,PT,2022-07-24 15:50:55,38.7333,-27.0667,79.75,83,75,2.66
248,Xicotencatl,MX,2022-07-24 15:50:55,23.0167,-98.8833,87.53,52,30,8.23
249,Fort Nelson,CA,2022-07-24 15:50:55,58.8053,-122.7002,60.39,72,40,5.75
250,Krasnorechenskiy,RU,2022-07-24 15:50:56,44.6265,135.3532,59.67,97,92,0.89
251,Acapulco,MX,2022-07-24 15:50:56,16.8634,-99.8901,83.62,71,100,0.85
252,Abhar,IR,2022-07-24 15:50:57,36.1468,49.218,61.86,85,10,11.05
253,Porto Novo,BJ,2022-07-24 15:50:57,6.4965,2.6036,84.02,64,82,9.73
254,Tacna,PE,2022-07-24 15:50:57,-18.0056,-70.2483,57.4,72,0,4.61
255,Nelson Bay,AU,2022-07-24 15:50:58,-32.7167,152.15,54.0,99,5,3.0
256,Maningrida,AU,2022-07-24 15:50:58,-12.0667,134.2667,67.86,95,37,6.35
257,Albanel,CA,2022-07-24 15:50:58,48.8832,-72.4487,75.34,88,99,5.75
258,Xinyang,CN,2022-07-24 15:50:59,32.1228,114.0656,76.62,78,0,3.6
259,Sorada,IN,2022-07-24 15:50:59,19.75,84.4333,80.87,85,100,2.04
260,Shoranur,IN,2022-07-24 15:51:00,10.7667,76.2833,75.04,92,100,2.64
261,Lensk,RU,2022-07-24 15:51:00,60.7253,114.9278,68.02,97,44,6.62
262,Chuy,UY,2022-07-24 15:51:00,-33.6971,-53.4616,66.24,84,56,2.77
263,Shenjiamen,CN,2022-07-24 15:51:01,29.9576,122.298,77.14,91,5,5.53
264,Mildura,AU,2022-07-24 15:51:01,-34.2,142.15,56.07,75,89,14.07
265,Portland,US,2022-07-24 15:49:15,45.5234,-122.6762,68.99,83,75,4.61
266,Gorodishche,RU,2022-07-24 15:51:02,48.8045,44.4744,74.28,60,40,6.71
267,Broome,US,2022-07-24 15:51:02,42.2506,-75.833,84.45,65,0,8.05
268,Maputo,MZ,2022-07-24 15:50:29,-25.9653,32.5892,65.88,55,75,15.01
269,Norman Wells,CA,2022-07-24 15:51:03,65.282,-126.8329,60.84,72,20,3.44
270,Palmer,US,2022-07-24 15:51:04,42.1584,-72.3287,92.21,48,57,5.99
271,Oyem,GA,2022-07-24 15:51:04,1.5995,11.5793,74.95,89,48,2.26
272,Port Moresby,PG,2022-07-24 15:51:05,-9.4431,147.1797,78.22,89,40,17.27
273,Alvorada,BR,2022-07-24 15:51:05,-12.48,-49.1247,91.85,23,95,9.51
274,Bundaberg,AU,2022-07-24 15:51:05,-24.85,152.35,54.21,98,1,1.01
275,Quelimane,MZ,2022-07-24 15:51:06,-17.8786,36.8883,75.15,69,20,9.22
276,Santa Cruz,BO,2022-07-24 15:51:06,-17.8,-63.1667,87.26,58,40,18.41
277,Hofn,IS,2022-07-24 15:51:07,64.2539,-15.2082,51.82,87,75,10.36
278,Mahebourg,MU,2022-07-24 15:51:07,-20.4081,57.7,70.09,73,40,9.22
279,Khani,GE,2022-07-24 15:51:07,41.9563,42.9566,62.17,90,70,3.15
280,Murgab,TM,2022-07-24 15:51:08,37.4966,61.9714,98.47,28,0,4.61
281,Fairbanks,US,2022-07-24 15:51:08,64.8378,-147.7164,55.31,73,40,5.75
282,Trapani,IT,2022-07-24 15:48:02,37.8333,12.6667,92.89,74,0,16.11
283,Dhaka,BD,2022-07-24 15:50:22,23.7104,90.4074,82.38,74,75,9.22
284,Sistranda,NO,2022-07-24 15:51:09,63.7256,8.834,64.36,84,100,19.71
285,Kavaratti,IN,2022-07-24 15:51:09,10.5669,72.642,81.3,78,95,12.48
286,Flinders,AU,2022-07-24 15:51:10,-34.5833,150.8552,51.39,90,2,7.0
287,Petropavlovsk-Kamchatskiy,RU,2022-07-24 15:51:10,53.0452,158.6483,50.59,100,100,6.71
288,Nanortalik,GL,2022-07-24 15:51:11,60.1432,-45.2371,49.62,72,100,1.3
289,Hithadhoo,MV,2022-07-24 15:51:11,-0.6,73.0833,82.36,72,98,5.82
290,Polyarnyy,RU,2022-07-24 15:51:11,69.1989,33.4478,53.02,73,100,13.06
291,Tarija,BO,2022-07-24 15:51:12,-21.5355,-64.7296,78.08,14,0,5.23
292,Piripiri,BR,2022-07-24 15:51:12,-4.2733,-41.7769,97.81,26,95,7.4
293,Zhirnovsk,RU,2022-07-24 15:51:12,50.9845,44.7735,62.94,94,97,4.79
294,Rio Cuarto,AR,2022-07-24 15:51:13,-33.1307,-64.3499,73.67,100,100,3.44
295,Faanui,PF,2022-07-24 15:51:13,-16.4833,-151.75,78.76,76,14,11.77
296,Avera,US,2022-07-24 15:51:14,33.194,-82.5271,90.37,52,3,2.84
297,Lagoa,PT,2022-07-24 15:51:14,39.05,-27.9833,73.99,87,7,9.75
298,Coquimbo,CL,2022-07-24 15:47:48,-29.9533,-71.3436,55.13,82,100,2.3
299,Khorramshahr,IR,2022-07-24 15:51:15,30.4397,48.1664,112.96,8,0,11.5
300,Pundaguitan,PH,2022-07-24 15:51:15,6.3711,126.1689,81.9,80,100,12.3
301,Ochamchira,GE,2022-07-24 15:51:15,42.7121,41.4721,70.81,73,8,3.13
302,Eureka,US,2022-07-24 15:50:28,40.8021,-124.1637,54.21,76,0,3.78
303,Deputatskiy,RU,2022-07-24 15:51:16,69.3,139.9,48.67,80,54,2.46
304,Yenagoa,NG,2022-07-24 15:51:16,4.9247,6.2642,80.06,69,95,6.71
305,Waingapu,ID,2022-07-24 15:51:17,-9.6567,120.2641,70.81,73,41,8.72
306,Kapuskasing,CA,2022-07-24 15:51:17,49.4169,-82.4331,68.09,82,75,11.5
307,Nacala,MZ,2022-07-24 15:51:18,-14.5428,40.6728,73.36,72,19,7.83
308,Shambu,ET,2022-07-24 15:51:18,9.5667,37.1,51.15,97,100,2.51
309,Puerto Madryn,AR,2022-07-24 15:50:54,-42.7692,-65.0385,44.22,81,100,14.38
310,Coihaique,CL,2022-07-24 15:51:08,-45.5752,-72.0662,32.61,80,100,3.44
311,Havelock,US,2022-07-24 15:51:19,34.8791,-76.9013,88.97,80,20,10.36
312,Sibolga,ID,2022-07-24 15:51:19,1.7427,98.7792,76.82,92,100,3.29
313,San Rafael,AR,2022-07-24 15:51:19,-34.6177,-68.3301,60.1,54,45,7.87
314,Tambura,SS,2022-07-24 15:51:20,5.6,27.4667,76.08,84,83,1.88
315,Tagusao,PH,2022-07-24 15:51:20,9.1924,117.8141,80.44,83,55,2.8
316,Nago,JP,2022-07-24 15:51:21,26.5881,127.9761,82.83,88,7,1.72
317,Port-Gentil,GA,2022-07-24 15:51:21,-0.7193,8.7815,78.76,73,40,10.36
318,Nichinan,JP,2022-07-24 15:51:22,31.6,131.3667,77.68,92,56,3.02
319,Tiznit,MA,2022-07-24 15:51:22,29.5833,-9.5,99.28,17,57,9.93
320,Senanga,ZM,2022-07-24 15:51:22,-16.1167,23.2667,76.06,21,0,5.53
321,San Miguel,SV,2022-07-24 15:51:23,13.4833,-88.1833,87.94,57,76,2.39
322,Keith,GB,2022-07-24 15:51:23,57.5363,-2.9481,68.92,86,84,3.42
323,Dwarka,IN,2022-07-24 15:51:24,22.2394,68.9678,81.48,85,100,21.9
324,Husavik,IS,2022-07-24 15:51:24,66.0449,-17.3389,50.41,79,95,7.31
325,Sayat,TM,2022-07-24 15:51:24,38.7839,63.8803,102.07,13,0,10.8
326,Uruzgan,AF,2022-07-24 15:51:25,32.8333,66.0,84.4,32,87,5.26
327,Mantua,IT,2022-07-24 15:51:25,45.1667,10.7833,99.09,43,11,9.17
328,Haines Junction,CA,2022-07-24 15:51:25,60.7522,-137.5108,44.55,100,100,0.0
329,Margate,GB,2022-07-24 15:50:32,51.3813,1.3862,83.88,35,8,16.46
330,Noumea,NC,2022-07-24 15:50:30,-22.2763,166.4572,75.0,99,41,7.2
331,Lodja,CD,2022-07-24 15:51:26,-3.4833,23.4333,85.55,42,95,3.36
332,Grafton,US,2022-07-24 15:51:26,42.207,-71.6856,95.61,47,0,16.11
333,Sabzevar,IR,2022-07-24 15:51:27,36.2126,57.6819,96.08,19,0,21.85
334,Cedar City,US,2022-07-24 15:48:38,37.6775,-113.0619,75.4,43,0,4.61
335,Nanfeng,CN,2022-07-24 15:51:27,23.7434,111.7959,82.49,76,0,2.51
336,Ulaanbaatar,MN,2022-07-24 15:50:28,47.9077,106.8832,53.73,87,0,2.24
337,Lobito,AO,2022-07-24 15:51:28,-12.3481,13.5456,71.67,85,40,7.47
338,Hobyo,SO,2022-07-24 15:51:28,5.3505,48.5268,76.84,80,57,25.48
339,Cardston,CA,2022-07-24 15:48:33,49.2,-113.3019,68.29,68,3,1.14
340,Ketchikan,US,2022-07-24 15:50:58,55.3422,-131.6461,55.87,94,100,11.5
341,Dikson,RU,2022-07-24 15:51:30,73.5069,80.5464,45.01,84,100,16.28
342,Ust-Nera,RU,2022-07-24 15:51:31,64.5667,143.2,57.13,84,44,5.73
343,Ugoofaaru,MV,2022-07-24 15:51:32,5.6667,73.0,81.82,75,48,11.25
344,Sept-Iles,CA,2022-07-24 15:51:32,50.2001,-66.3821,73.92,76,75,10.36
345,Kushima,JP,2022-07-24 15:51:32,31.4583,131.2333,77.14,94,73,1.3
346,Hasaki,JP,2022-07-24 15:51:33,35.7333,140.8333,77.4,87,99,14.74
347,Kencong,ID,2022-07-24 15:51:33,-8.2833,113.3667,70.11,81,74,3.56
348,Cayenne,GF,2022-07-24 15:51:34,4.9333,-52.3333,87.84,7,75,10.36
349,Bell Ville,AR,2022-07-24 15:51:34,-32.6259,-62.6887,76.12,60,12,5.88
350,Maxixe,MZ,2022-07-24 15:51:34,-23.8597,35.3472,70.12,74,35,6.78
351,Nemuro,JP,2022-07-24 15:51:35,43.3236,145.575,60.49,92,88,6.93
352,Chalette-Sur-Loing,FR,2022-07-24 15:51:35,48.0134,2.7359,91.22,21,14,5.5
353,Kieta,PG,2022-07-24 15:51:36,-6.2167,155.6333,78.73,85,32,5.53
354,Hambantota,LK,2022-07-24 15:51:36,6.1241,81.1185,80.94,83,100,4.61
355,Kathu,TH,2022-07-24 15:50:22,7.9178,98.3332,86.7,99,57,4.07
356,San Rafael Del Sur,NI,2022-07-24 15:51:37,11.8485,-86.4384,83.37,66,99,13.69
357,Mnogovershinnyy,RU,2022-07-24 15:51:37,53.9353,139.9242,64.22,72,63,4.14
358,Bandarbeyla,SO,2022-07-24 15:51:37,9.4942,50.8122,76.64,83,100,32.82
359,Klaksvik,FO,2022-07-24 15:51:38,62.2266,-6.589,54.52,92,100,27.94
360,Vagur,FO,2022-07-24 15:51:38,61.4732,-6.8119,49.86,92,100,29.19
361,Dubbo,AU,2022-07-24 15:51:39,-32.25,148.6167,50.13,87,0,12.66
362,Caravelas,BR,2022-07-24 15:51:39,-17.7125,-39.2481,77.38,62,79,8.23
363,Mugan,CN,2022-07-24 15:51:39,35.9404,101.3842,59.88,42,0,5.41
364,Buzovna,AZ,2022-07-24 15:51:40,40.5179,50.1139,75.29,69,40,18.41
365,Puerto Madero,MX,2022-07-24 15:51:40,14.7208,-92.4215,82.09,69,93,1.77
366,Eenhana,NA,2022-07-24 15:51:41,-17.4667,16.3333,80.94,19,0,2.55
367,Muroto,JP,2022-07-24 15:51:41,33.2833,134.15,78.6,84,96,3.27
368,Longyearbyen,SJ,2022-07-24 15:51:11,78.2186,15.6401,49.84,81,75,17.27
369,Tayu,ID,2022-07-24 15:51:42,-6.5397,111.0518,74.71,76,56,8.95
370,Saldanha,ZA,2022-07-24 15:51:43,-33.0117,17.9442,66.25,63,0,9.31
371,Oxchuc,MX,2022-07-24 15:51:43,16.85,-92.4167,67.66,59,93,5.19
372,Maldonado,UY,2022-07-24 15:51:44,-34.6667,-54.9167,62.22,78,60,5.35
373,Golden,US,2022-07-24 15:51:44,39.7555,-105.2211,76.77,72,99,1.01
374,Mehamn,NO,2022-07-24 15:51:44,71.0357,27.8492,55.31,66,40,11.5
375,Baja,HU,2022-07-24 15:51:45,46.175,18.9564,92.61,19,59,16.49
376,Krasnyy Yar,RU,2022-07-24 15:51:45,46.5331,48.3456,75.13,57,77,5.86
377,Revelstoke,CA,2022-07-24 15:47:25,50.9832,-118.2023,62.62,72,0,3.44
378,Karratha,AU,2022-07-24 15:48:48,-20.7377,116.8463,67.5,67,0,3.67
379,Meulaboh,ID,2022-07-24 15:51:46,4.1363,96.1285,75.83,92,100,3.02
380,Saint-Joseph,RE,2022-07-24 15:51:46,-21.3667,55.6167,70.18,81,61,10.04
381,Kodinar,IN,2022-07-24 15:51:47,20.7903,70.7031,80.71,84,100,16.73
382,Varnamo,SE,2022-07-24 15:51:47,57.186,14.04,65.05,77,100,4.0
383,Dingle,PH,2022-07-24 15:47:17,10.9995,122.6711,76.86,90,98,2.3
384,Vila Velha,BR,2022-07-24 15:48:12,-20.3297,-40.2925,80.55,72,40,13.8
385,Tabou,CI,2022-07-24 15:51:48,4.423,-7.3528,76.1,78,100,8.34
386,Staryy Nadym,RU,2022-07-24 15:51:48,65.6118,72.6842,51.89,83,99,15.68
387,Waipawa,NZ,2022-07-24 15:51:49,-41.4122,175.5153,44.01,89,100,8.93
388,Amahai,ID,2022-07-24 15:51:49,-3.3333,128.9167,75.69,88,86,4.23
389,San Carlos De Bariloche,AR,2022-07-24 15:51:49,-41.1456,-71.3082,40.24,87,75,6.91
390,Pietarsaari,FI,2022-07-24 15:51:50,63.65,22.6833,69.93,68,53,10.09
391,Teofilo Otoni,BR,2022-07-24 15:51:50,-17.8575,-41.5053,80.65,36,100,5.06
392,San Pedro,PH,2022-07-24 15:51:50,14.35,121.0167,85.23,81,40,1.14
393,Boditi,ET,2022-07-24 15:51:51,6.9667,37.8667,62.96,70,97,6.22
394,Isla Vista,US,2022-07-24 15:51:51,34.4133,-119.861,79.34,73,100,5.75
395,Inhuma,BR,2022-07-24 15:51:52,-6.6683,-41.7078,91.67,30,81,9.26
396,Taltal,CL,2022-07-24 15:51:52,-25.4,-70.4833,60.3,73,4,4.29
397,Hirara,JP,2022-07-24 15:51:52,24.8,125.2833,84.63,77,88,6.31
398,Okoneshnikovo,RU,2022-07-24 15:51:53,54.8377,75.0834,54.88,74,23,4.45
399,Olafsvik,IS,2022-07-24 15:51:53,64.8945,-23.7142,53.4,76,78,5.82
400,Pangody,RU,2022-07-24 15:51:53,65.85,74.4859,48.2,93,100,19.66
401,Sorland,NO,2022-07-24 15:51:54,67.667,12.6934,55.26,76,59,16.17
402,Tongzi,CN,2022-07-24 15:51:54,28.7829,105.0877,75.34,93,36,1.77
403,Praia,CV,2022-07-24 15:51:55,14.9215,-23.5087,82.94,74,20,10.36
404,Olinda,BR,2022-07-24 15:51:55,-8.0089,-34.8553,80.33,65,40,19.57
405,Labuhan,ID,2022-07-24 15:51:56,-6.8844,112.2051,73.92,76,51,9.06
406,Peniche,PT,2022-07-24 15:51:56,39.3558,-9.3811,86.29,61,4,13.96
407,Manzhouli,CN,2022-07-24 15:51:56,49.6,117.4333,62.53,86,100,6.38
408,Kinshasa,CD,2022-07-24 15:50:19,-4.3246,15.3215,86.38,54,20,11.5
409,Cap-Aux-Meules,CA,2022-07-24 15:51:57,47.3821,-61.8597,78.85,65,75,13.8
410,Bengkulu,ID,2022-07-24 15:47:13,-3.8004,102.2655,76.28,90,99,4.97
411,Palana,RU,2022-07-24 15:51:57,59.1167,159.9667,44.47,82,0,3.8
412,Mopti,ML,2022-07-24 15:51:58,14.6667,-4.0,86.04,58,40,6.91
413,Novikovo,RU,2022-07-24 15:51:58,51.1537,37.8879,75.18,62,24,10.45
414,Altamira,BR,2022-07-24 15:50:13,-3.2033,-52.2064,93.43,36,63,4.34
415,Shelkovskaya,RU,2022-07-24 15:51:59,43.5069,46.3392,79.54,35,47,7.27
416,Matara,LK,2022-07-24 15:51:59,5.9485,80.5353,78.01,85,98,10.74
417,Guanica,PR,2022-07-24 15:51:59,17.9716,-66.908,92.28,69,1,18.84
418,Manjacaze,MZ,2022-07-24 15:52:00,-24.7117,33.8828,66.96,78,91,12.12
419,Stonehouse,GB,2022-07-24 15:52:00,51.75,-2.2833,78.57,65,40,18.41
420,Iskateley,RU,2022-07-24 15:52:01,67.6803,53.1512,52.34,73,100,9.84
421,Katsuura,JP,2022-07-24 15:51:14,35.1333,140.3,77.86,88,100,13.15
422,Enumclaw,US,2022-07-24 15:52:01,47.2043,-121.9915,68.27,79,1,1.01
423,Morshansk,RU,2022-07-24 15:52:02,53.4435,41.8107,73.17,76,52,3.13
424,Mount Gambier,AU,2022-07-24 15:52:02,-37.8333,140.7667,58.41,67,100,11.72
425,Arawa,PG,2022-07-24 15:52:02,-6.2132,155.5367,76.55,91,38,3.47
426,Brzeg Dolny,PL,2022-07-24 15:52:03,51.273,16.7082,83.91,34,8,7.78
427,Tual,ID,2022-07-24 15:52:03,-5.6667,132.75,78.75,87,89,17.49
428,Victoria,HK,2022-07-24 15:50:39,22.2855,114.1577,90.18,82,1,10.0
429,Ibipeba,BR,2022-07-24 15:52:04,-11.6408,-42.0111,76.64,51,100,13.47
430,Cody,US,2022-07-24 15:52:04,44.5263,-109.0565,77.2,50,0,1.99
431,Ekhabi,RU,2022-07-24 15:52:05,53.5102,142.9671,57.97,96,34,10.16
432,Marsa Matruh,EG,2022-07-24 15:52:05,31.3525,27.2453,84.4,65,0,17.27
433,Svetlogorsk,BY,2022-07-24 15:52:06,52.6333,29.7333,69.13,89,99,9.08
434,Champasak,LA,2022-07-24 15:52:06,14.75,106.0,75.18,95,1,0.6
435,Celestun,MX,2022-07-24 15:52:07,20.8667,-90.4,85.28,64,58,6.04
436,Puerto Baquerizo Moreno,EC,2022-07-24 15:52:07,-0.9,-89.6,74.39,69,20,11.5
437,Ribeira Grande,PT,2022-07-24 15:52:07,38.5167,-28.7,79.2,78,40,11.5
438,Salamiyah,SY,2022-07-24 15:52:08,35.0113,37.0532,92.43,17,0,14.61
439,Mossendjo,CG,2022-07-24 15:52:08,-2.9506,12.7261,80.56,55,99,3.53
440,Kizhinga,RU,2022-07-24 15:52:09,51.8462,109.9097,57.78,97,100,3.6
441,Shetpe,KZ,2022-07-24 15:52:09,44.1667,52.1167,77.95,43,40,13.67
442,Esso,RU,2022-07-24 15:52:10,55.9333,158.7,53.98,95,100,3.89
443,Beira,MZ,2022-07-24 15:52:10,-19.8436,34.8389,73.49,73,20,9.22
444,Whitehorse,CA,2022-07-24 15:52:11,60.7161,-135.0538,50.77,81,75,12.66
445,Berlevag,NO,2022-07-24 15:52:11,70.8578,29.0864,55.35,67,100,13.8
446,Samarai,PG,2022-07-24 15:52:12,-10.6167,150.6667,79.05,84,90,14.94
447,The Pas,CA,2022-07-24 15:52:12,53.8251,-101.2541,66.22,59,0,11.5
448,Oparino,RU,2022-07-24 15:52:13,59.8518,48.2783,72.46,71,8,4.21
449,Dauphin,CA,2022-07-24 15:50:02,51.1494,-100.0502,62.74,63,20,5.75
450,Hendersonville,US,2022-07-24 15:52:13,36.3048,-86.62,90.12,65,71,1.99
451,Mazagao,BR,2022-07-24 15:52:14,-0.115,-51.2894,89.65,49,27,4.32
452,Asau,RO,2022-07-24 15:52:14,46.4333,26.4,78.28,68,95,11.83
453,Maun,BW,2022-07-24 15:52:14,-19.9833,23.4167,82.36,26,20,2.3
454,Macouria,GF,2022-07-24 15:52:15,4.9167,-52.3667,87.75,7,75,10.36
455,Lavrentiya,RU,2022-07-24 15:52:15,65.5833,-171.0,40.6,93,100,8.97
456,Pilar,BR,2022-07-24 15:52:15,-9.5972,-35.9567,82.33,72,100,7.83
457,Jiwani,PK,2022-07-24 15:52:16,25.05,61.7417,82.65,82,99,10.51
458,Semey,KZ,2022-07-24 15:52:16,50.4111,80.2275,64.56,44,4,7.38
459,Smithers,CA,2022-07-24 15:52:17,54.7804,-127.1743,57.52,77,100,3.44
460,Great Yarmouth,GB,2022-07-24 15:52:17,52.6083,1.7305,89.08,37,10,21.52
461,Cap Malheureux,MU,2022-07-24 15:52:17,-19.9842,57.6142,67.46,73,3,4.0
462,Yar-Sale,RU,2022-07-24 15:52:18,66.8333,70.8333,50.02,88,83,14.72
463,Poum,NC,2022-07-24 15:52:18,-20.2333,164.0167,74.01,70,0,10.07
464,Arukula,EE,2022-07-24 15:52:19,59.3644,25.0772,68.94,91,75,4.61
465,Sao Gabriel Da Cachoeira,BR,2022-07-24 15:52:19,-0.1303,-67.0892,80.4,83,100,4.61
466,Cardoso,BR,2022-07-24 15:52:19,-20.0819,-49.9142,87.01,24,89,6.02
467,Tura,IN,2022-07-24 15:52:20,25.5198,90.2201,74.05,96,100,3.58
468,Raga,SS,2022-07-24 15:52:20,8.4596,25.678,78.06,82,92,1.86
469,Lahad Datu,MY,2022-07-24 15:52:20,5.0268,118.327,78.4,89,95,4.74
470,Karibib,NA,2022-07-24 15:52:21,-21.9333,15.8333,76.89,18,10,11.77
471,Moyale,KE,2022-07-24 15:52:21,3.5167,39.0584,73.11,44,45,10.94
472,Quesnel,CA,2022-07-24 15:52:22,52.9999,-122.5029,57.7,82,75,0.0
473,Vigrestad,NO,2022-07-24 15:52:22,58.5667,5.7,63.59,97,99,13.51
474,Hervey Bay,AU,2022-07-24 15:52:22,-25.2986,152.8535,62.67,75,22,11.27
475,Northam,GB,2022-07-24 15:52:23,51.0333,-4.2167,72.39,95,100,18.03
476,Dunedin,NZ,2022-07-24 15:52:23,-45.8742,170.5036,44.8,76,10,3.0
477,Ikalamavony,MG,2022-07-24 15:52:24,-21.15,46.5833,67.17,55,45,3.04
478,Barcelona,ES,2022-07-24 15:52:24,41.3888,2.159,99.19,60,0,13.8
479,Zambezi,ZM,2022-07-24 15:52:24,-13.5432,23.1047,77.09,23,1,5.26
480,Yilan,TW,2022-07-24 15:52:25,24.757,121.753,87.91,99,54,0.67
481,Montes Altos,BR,2022-07-24 15:52:25,-5.8333,-47.0667,95.85,25,72,6.55
482,Rocha,UY,2022-07-24 15:52:26,-34.4833,-54.3333,68.92,81,29,4.12
483,Tallahassee,US,2022-07-24 15:48:48,30.4383,-84.2807,91.33,72,40,0.0
484,Parung,ID,2022-07-24 15:52:26,-6.4214,106.7331,81.37,89,66,2.08
485,Bend,US,2022-07-24 15:48:33,44.0582,-121.3153,72.46,34,0,1.99
486,Bartica,GY,2022-07-24 15:52:27,6.4,-58.6167,84.52,86,84,4.34
487,Fayetteville,US,2022-07-24 15:49:42,35.0527,-78.8784,90.88,74,20,5.75
488,Taoudenni,ML,2022-07-24 15:52:27,22.6783,-3.9836,113.11,10,9,15.37
489,Obihiro,JP,2022-07-24 15:52:27,42.9172,143.2044,62.56,94,40,1.81
490,Buala,SB,2022-07-24 15:52:28,-8.145,159.5921,79.63,80,21,6.38
491,Vaasa,FI,2022-07-24 15:49:49,63.096,21.6158,72.28,49,0,6.91
492,Ootmarsum,DE,2022-07-24 15:52:04,52.4076,6.8969,90.45,46,69,7.87
493,Sambava,MG,2022-07-24 15:52:29,-14.2667,50.1667,70.56,84,43,11.7
494,Dobson,US,2022-07-24 15:52:29,36.3957,-80.7226,89.29,66,56,5.7
495,Witham,GB,2022-07-24 15:52:29,51.8001,0.6404,85.08,41,8,21.16
496,Sikonge,TZ,2022-07-24 15:52:30,-5.6333,32.7667,78.91,28,30,5.12
497,Arroyo,ES,2022-07-24 15:52:30,41.6096,-4.7969,98.64,12,0,21.85
498,Dawei,MM,2022-07-24 15:52:31,14.0833,98.2,78.49,93,99,1.54
499,Homer,US,2022-07-24 15:52:31,59.6425,-151.5483,55.04,81,100,5.01
500,Mitu,CO,2022-07-24 15:52:31,1.1983,-70.1733,72.5,98,100,0.78
501,Synya,RU,2022-07-24 15:52:32,65.3718,58.0387,54.46,63,74,5.79
502,Paamiut,GL,2022-07-24 15:52:32,61.994,-49.6678,41.76,93,52,5.23
503,Derzhavinsk,KZ,2022-07-24 15:52:32,51.1,66.3167,73.96,38,2,7.29
504,Thunder Bay,CA,2022-07-24 15:49:45,48.4001,-89.3168,66.18,77,75,13.8
505,Codrington,AU,2022-07-24 15:52:33,-38.2667,141.9667,53.67,80,100,13.89
506,Hobbs,US,2022-07-24 15:52:33,32.7026,-103.136,85.19,39,0,5.01
507,Clyde River,CA,2022-07-24 15:52:34,70.4692,-68.5914,43.03,93,100,17.27
508,Filingue,NE,2022-07-24 15:52:34,14.3521,3.3168,94.69,37,17,7.4
509,Kebumen,ID,2022-07-24 15:52:35,-7.6687,109.6519,71.91,82,38,6.13
510,Hami,CN,2022-07-24 15:52:35,42.8,93.45,92.16,17,90,13.53
511,Honningsvag,NO,2022-07-24 15:52:35,70.9821,25.9704,51.55,76,100,13.8
512,Sao Miguel Do Araguaia,BR,2022-07-24 15:52:36,-13.275,-50.1628,92.88,21,5,8.86
513,Yining,CN,2022-07-24 15:52:36,29.0361,114.5636,79.7,88,0,1.7
514,Tilichiki,RU,2022-07-24 15:52:36,60.4667,166.1,49.08,87,98,6.8
515,Kahului,US,2022-07-24 15:52:37,20.8947,-156.47,76.84,75,0,8.05
516,Port Macquarie,AU,2022-07-24 15:52:37,-31.4333,152.9167,46.89,90,10,5.97
517,Porto Seguro,BR,2022-07-24 15:52:38,-16.4497,-39.0647,75.72,78,75,8.05
518,Lisakovsk,KZ,2022-07-24 15:52:38,52.5369,62.4936,74.73,44,1,7.56
519,Hajnowka,PL,2022-07-24 15:52:38,52.7433,23.5812,74.01,65,59,1.01
520,Lazaro Cardenas,MX,2022-07-24 15:52:39,17.9583,-102.2,84.18,67,100,1.14
521,Uchiza,PE,2022-07-24 15:52:39,-8.4592,-76.4633,82.2,67,24,2.37
522,Calvini,RO,2022-07-24 15:52:39,45.25,26.3,79.86,26,99,15.73
523,Vardo,NO,2022-07-24 15:52:40,70.3705,31.1107,55.38,71,40,13.8
524,Jalu,LY,2022-07-24 15:52:40,29.0331,21.5482,98.53,13,0,11.83
525,Pano Polemidia,CY,2022-07-24 15:52:41,34.7,33.0,87.15,55,20,8.05
526,Lasa,IT,2022-07-24 15:52:41,46.6166,10.7002,88.7,63,74,3.65
527,Coari,BR,2022-07-24 15:52:42,-4.085,-63.1414,92.32,41,60,2.55
528,Lata,PT,2022-07-24 15:52:42,40.1629,-8.3327,85.5,42,43,11.05
529,Noshiro,JP,2022-07-24 15:52:43,40.2039,140.0242,66.58,89,30,3.06
530,Leshukonskoye,RU,2022-07-24 15:52:43,64.8989,45.7622,61.95,63,64,4.54
531,Opuwo,NA,2022-07-24 15:52:43,-18.0607,13.84,81.99,17,0,4.45
532,Sivas,TR,2022-07-24 15:52:44,39.7916,37.0019,61.07,59,1,15.19
533,Teguldet,RU,2022-07-24 15:52:44,57.3064,88.1667,50.32,98,99,4.27
534,Matagami,CA,2022-07-24 15:52:45,49.7502,-77.6328,68.11,77,75,4.61
535,Necochea,AR,2022-07-24 15:48:38,-38.5473,-58.7368,51.44,83,100,10.18
536,Nuevitas,CU,2022-07-24 15:52:45,21.5453,-77.2644,85.44,64,87,15.08
537,Segou,ML,2022-07-24 15:52:45,13.4317,-6.2157,90.99,45,100,6.38
538,Batagay-Alyta,RU,2022-07-24 15:52:46,67.8006,130.4114,50.72,91,24,0.76
539,Palmerston,AU,2022-07-24 15:48:35,-12.486,130.9833,69.78,80,13,4.61
540,Maragogi,BR,2022-07-24 15:52:46,-9.0122,-35.2225,78.08,64,100,13.62
541,Giresun,TR,2022-07-24 15:52:47,40.5,38.5,42.71,85,94,10.47
542,Ilhabela,BR,2022-07-24 15:52:47,-23.7781,-45.3581,75.34,58,54,2.66
543,Itaituba,BR,2022-07-24 15:52:48,-4.2761,-55.9836,89.76,58,0,5.75
544,Bilma,NE,2022-07-24 15:52:48,18.6853,12.9164,107.22,11,7,13.24
545,Bagdarin,RU,2022-07-24 15:52:48,54.4333,113.6,59.04,96,100,3.22
546,Pangnirtung,CA,2022-07-24 15:52:49,66.1451,-65.7125,54.79,62,41,4.45
547,Mareeba,AU,2022-07-24 15:52:49,-17.0,145.4333,65.12,97,3,2.64
548,Kanniyakumari,IN,2022-07-24 15:52:49,8.0833,77.5667,79.21,79,100,17.47
549,Waddan,LY,2022-07-24 15:52:50,29.1614,16.139,95.2,17,0,18.3
550,Ballina,AU,2022-07-24 15:52:50,-28.8667,153.5667,54.01,95,67,7.81
551,Tigil,RU,2022-07-24 15:52:50,57.8,158.6667,44.73,87,77,1.63
552,Donji Milanovac,RS,2022-07-24 15:52:51,44.4627,22.1523,95.68,41,85,9.69
553,Veraval,IN,2022-07-24 15:52:51,20.9,70.3667,81.25,83,100,16.89
554,Sesheke,ZM,2022-07-24 15:52:52,-17.4759,24.2968,73.9,24,8,5.01
555,Dakar,SN,2022-07-24 15:52:52,14.6937,-17.4441,77.13,88,40,6.91
556,La Ronge,CA,2022-07-24 15:52:53,55.1001,-105.2842,64.62,67,40,5.75
557,Kenai,US,2022-07-24 15:52:53,60.5544,-151.2583,55.09,84,100,12.66
558,Goslar,DE,2022-07-24 15:52:53,51.9043,10.4277,87.75,32,29,5.17
559,Pindiga,NG,2022-07-24 15:52:54,9.9833,10.9333,85.5,52,39,1.39
560,Fort-Shevchenko,KZ,2022-07-24 15:52:54,44.5086,50.263,74.28,57,4,5.64
561,Manta,EC,2022-07-24 15:52:54,-0.95,-80.7333,73.18,83,75,8.05
562,Ialibu,PG,2022-07-24 15:52:55,-6.2821,143.9935,55.85,97,87,1.1
563,Qasigiannguit,GL,2022-07-24 15:52:55,68.8193,-51.1922,40.37,93,100,4.27
564,Troitskoye,RU,2022-07-24 15:52:56,52.9821,84.6757,51.93,91,42,3.31
