City_ID,City,Country,Date,Lat,Lng,Max Temp,Humidity,Cloudiness,Wind Speed,Current description
0,Avarua,CK,2022-07-25 22:26:35,-21.2078,-159.775,73.45,64,75,9.22,broken clouds
1,Rikitea,PF,2022-07-25 22:25:51,-23.1203,-134.9692,75.61,71,67,16.33,broken clouds
2,Saint-Denis,FR,2022-07-25 22:27:03,48.9167,2.3333,68.49,66,0,8.05,clear sky
3,Havre De Grace,US,2022-07-25 22:27:03,39.5493,-76.0916,84.43,92,82,7.43,broken clouds
4,Albany,US,2022-07-25 22:21:54,42.6001,-73.9662,82.58,56,33,10.8,scattered clouds
5,Xichang,CN,2022-07-25 22:27:04,27.8964,102.2634,63.05,94,20,0.2,few clouds
6,Palaia Fokaia,GR,2022-07-25 22:27:05,37.72,23.9463,86.72,53,14,8.21,few clouds
7,Hobart,AU,2022-07-25 22:26:06,-42.8794,147.3294,50.25,95,75,0.0,broken clouds
8,Ushuaia,AR,2022-07-25 22:26:00,-54.8,-68.3,33.46,86,40,28.77,light snow
9,Vaini,TO,2022-07-25 22:25:58,-21.2,-175.2,78.96,83,20,8.05,few clouds
10,Cape Town,ZA,2022-07-25 22:24:30,-33.9258,18.4232,59.38,71,0,5.01,clear sky
11,Yellowknife,CA,2022-07-25 22:21:46,62.456,-114.3525,72.12,40,75,24.16,broken clouds
12,Carnarvon,AU,2022-07-25 22:26:30,-24.8667,113.6333,60.78,40,0,9.73,clear sky
13,Rujiena,LV,2022-07-25 22:27:06,57.8975,25.3316,57.06,79,89,4.05,overcast clouds
14,Chapais,CA,2022-07-25 22:25:20,49.7834,-74.8492,56.98,96,100,7.52,overcast clouds
15,Lata,PT,2022-07-25 22:24:49,40.1629,-8.3327,60.85,94,0,3.62,clear sky
16,Atuona,PF,2022-07-25 22:24:03,-9.8,-139.0333,76.96,71,28,9.89,scattered clouds
17,Hilo,US,2022-07-25 22:21:07,19.7297,-155.09,89.28,72,75,9.22,broken clouds
18,Mataura,NZ,2022-07-25 22:25:54,-46.1927,168.8643,44.47,96,100,11.25,light rain
19,Toktogul,KG,2022-07-25 22:27:07,41.8708,72.9402,75.56,32,0,1.39,clear sky
20,Isangel,VU,2022-07-25 22:22:48,-19.55,169.2667,77.11,94,75,6.91,broken clouds
21,Otane,NZ,2022-07-25 22:27:08,-39.8833,176.6333,57.0,98,100,13.31,overcast clouds
22,Amahai,ID,2022-07-25 22:27:08,-3.3333,128.9167,76.64,90,78,5.17,moderate rain
23,Ribeira Grande,PT,2022-07-25 22:23:46,38.5167,-28.7,75.49,85,16,5.73,few clouds
24,Hermanus,ZA,2022-07-25 22:24:00,-34.4187,19.2345,51.8,60,0,8.61,clear sky
25,Lavrentiya,RU,2022-07-25 22:27:09,65.5833,-171.0,41.54,86,100,16.42,overcast clouds
26,Saint-Philippe,RE,2022-07-25 22:25:53,-21.3585,55.7679,65.21,79,41,8.28,scattered clouds
27,Nowa Sol,PL,2022-07-25 22:27:09,51.8033,15.717,75.88,80,65,6.13,broken clouds
28,Kaoma,ZM,2022-07-25 22:27:10,-14.7833,24.8,56.43,50,0,6.33,clear sky
29,Tasiilaq,GL,2022-07-25 22:26:20,65.6145,-37.6368,44.76,90,100,3.42,overcast clouds
30,Maceio,BR,2022-07-25 22:27:10,-9.6658,-35.7353,74.64,83,75,3.44,broken clouds
31,East London,ZA,2022-07-25 22:25:52,-33.0153,27.9116,55.83,69,0,11.21,clear sky
32,Comodoro Rivadavia,AR,2022-07-25 22:27:11,-45.8667,-67.5,40.86,81,100,3.44,overcast clouds
33,Olafsvik,IS,2022-07-25 22:26:12,64.8945,-23.7142,53.04,63,96,6.17,overcast clouds
34,Ryotsu,JP,2022-07-25 22:27:11,38.0833,138.4333,79.03,78,53,2.48,broken clouds
35,Nikolayevsk-Na-Amure,RU,2022-07-25 22:27:12,53.1406,140.73,58.3,93,100,5.12,overcast clouds
36,Port Alfred,ZA,2022-07-25 22:26:10,-33.5906,26.891,56.14,72,0,16.51,clear sky
37,Husavik,IS,2022-07-25 22:26:03,66.0449,-17.3389,48.24,83,100,1.97,overcast clouds
38,Nouakchott,MR,2022-07-25 22:27:13,18.0858,-15.9785,80.53,81,44,10.16,scattered clouds
39,Turukhansk,RU,2022-07-25 22:27:13,65.8167,87.9833,53.02,90,92,3.24,overcast clouds
40,Poum,NC,2022-07-25 22:27:13,-20.2333,164.0167,73.06,74,0,16.15,clear sky
41,San Patricio,US,2022-07-25 22:26:51,28.017,-97.5169,97.52,47,3,18.14,clear sky
42,General Roca,AR,2022-07-25 22:27:14,-39.0333,-67.5833,44.74,92,100,9.82,overcast clouds
43,San Andres,CO,2022-07-25 22:25:12,12.5847,-81.7006,84.22,74,75,4.61,broken clouds
44,Vao,NC,2022-07-25 22:27:15,-22.6667,167.4833,69.37,73,48,15.23,scattered clouds
45,Grindsted,DK,2022-07-25 22:27:15,55.754,8.9123,62.44,94,75,8.05,broken clouds
46,Narsaq,GL,2022-07-25 22:27:15,60.9167,-46.05,53.82,88,100,2.04,overcast clouds
47,Puerto Ayora,EC,2022-07-25 22:26:27,-0.7393,-90.3518,78.76,90,83,5.01,broken clouds
48,Khatanga,RU,2022-07-25 22:26:24,71.9667,102.5,67.82,52,19,4.99,few clouds
49,Kaitangata,NZ,2022-07-25 22:23:50,-46.2817,169.8464,45.61,93,100,17.11,overcast clouds
50,Jackson,US,2022-07-25 22:24:03,42.4165,-122.8345,106.02,16,0,7.0,clear sky
51,San Francisco,US,2022-07-25 22:27:16,37.7749,-122.4194,87.26,75,20,18.41,few clouds
52,Kapaa,US,2022-07-25 22:26:23,22.0752,-159.319,84.52,64,20,14.97,few clouds
53,Georgetown,MY,2022-07-25 22:24:11,5.4112,100.3354,78.73,93,20,2.3,few clouds
54,Cabo San Lucas,MX,2022-07-25 22:24:21,22.8909,-109.9124,96.62,59,0,11.5,clear sky
55,Butaritari,KI,2022-07-25 22:25:53,3.0707,172.7902,82.2,71,91,19.84,overcast clouds
56,Thompson,CA,2022-07-25 22:26:02,55.7435,-97.8558,60.96,94,100,8.05,mist
57,Vanavara,RU,2022-07-25 22:27:18,60.34,102.2797,60.49,94,100,4.92,moderate rain
58,Havelock,US,2022-07-25 22:24:56,34.8791,-76.9013,87.78,80,0,14.97,clear sky
59,Miraflores,MX,2022-07-25 22:27:18,19.2167,-98.8083,70.45,69,99,2.26,overcast clouds
60,Ouadda,CF,2022-07-25 22:27:19,8.0777,22.4007,68.94,95,86,1.92,overcast clouds
61,Wuda,CN,2022-07-25 22:27:19,39.4994,106.7117,75.24,38,82,22.77,broken clouds
62,Nago,JP,2022-07-25 22:27:19,26.5881,127.9761,82.83,80,0,1.81,clear sky
63,Jamestown,US,2022-07-25 22:26:25,42.097,-79.2353,73.53,53,0,13.8,clear sky
64,Mahibadhoo,MV,2022-07-25 22:27:20,3.7833,72.9667,80.42,79,100,12.39,overcast clouds
65,Chimbote,PE,2022-07-25 22:24:53,-9.0853,-78.5783,64.67,80,42,10.18,scattered clouds
66,Emerald,AU,2022-07-25 22:27:21,-23.5333,148.1667,51.94,100,40,0.0,scattered clouds
67,Bengkulu,ID,2022-07-25 22:27:21,-3.8004,102.2655,72.59,85,100,3.83,moderate rain
68,Kruisfontein,ZA,2022-07-25 22:24:07,-34.0033,24.7314,52.88,80,0,5.95,clear sky
69,Sovetskiy,RU,2022-07-25 22:27:22,61.3614,63.5842,57.76,50,100,7.72,overcast clouds
70,Barrow,US,2022-07-25 22:26:09,71.2906,-156.7887,37.42,87,100,32.21,mist
71,Bambanglipuro,ID,2022-07-25 22:24:34,-7.95,110.2833,68.92,86,89,2.82,overcast clouds
72,Merauke,ID,2022-07-25 22:25:06,-8.4667,140.3333,76.14,83,65,13.15,broken clouds
73,Busselton,AU,2022-07-25 22:26:35,-33.65,115.3333,61.2,82,87,23.17,overcast clouds
74,Sturgeon Bay,US,2022-07-25 22:24:43,44.8342,-87.377,75.6,46,75,6.91,broken clouds
75,Rio Gallegos,AR,2022-07-25 22:27:23,-51.6226,-69.2181,32.05,80,0,13.8,clear sky
76,Longyearbyen,SJ,2022-07-25 22:26:12,78.2186,15.6401,48.04,81,75,13.8,broken clouds
77,Champerico,GT,2022-07-25 22:24:32,14.3,-91.9167,90.14,73,62,8.5,broken clouds
78,New Norfolk,AU,2022-07-25 22:26:01,-42.7826,147.0587,49.91,88,99,0.72,overcast clouds
79,Punta Arenas,CL,2022-07-25 22:22:22,-53.15,-70.9167,35.71,60,0,13.8,clear sky
80,Acajutla,SV,2022-07-25 22:27:24,13.5928,-89.8275,83.46,73,46,7.58,scattered clouds
81,Arman,RU,2022-07-25 22:27:25,59.7,150.1667,62.02,71,9,3.13,clear sky
82,Mahdasht,IR,2022-07-25 22:27:25,35.7299,50.8111,73.62,72,0,21.85,clear sky
83,Nizhniy Kuranakh,RU,2022-07-25 22:27:26,58.8353,125.4869,72.66,75,27,0.74,scattered clouds
84,Waitati,NZ,2022-07-25 22:27:26,-45.75,170.5667,45.45,95,100,15.41,overcast clouds
85,Sokoto,NG,2022-07-25 22:27:26,13.0609,5.239,82.4,59,35,8.41,light rain
86,Sao Filipe,CV,2022-07-25 22:24:22,14.8961,-24.4956,78.73,88,100,2.73,overcast clouds
87,Bonfim,BR,2022-07-25 22:27:27,3.0833,-59.95,81.25,78,73,3.11,broken clouds
88,Tongchuan,CN,2022-07-25 22:27:27,35.0806,109.0897,71.24,91,0,3.83,clear sky
89,Udimskiy,RU,2022-07-25 22:27:28,61.1417,45.9144,54.12,79,73,4.9,broken clouds
90,Sola,VU,2022-07-25 22:27:28,-13.8833,167.55,80.22,78,5,11.52,clear sky
91,Kodiak,US,2022-07-25 22:24:02,57.79,-152.4072,63.91,55,100,12.66,overcast clouds
92,Iracoubo,GF,2022-07-25 22:27:29,5.4802,-53.2011,79.48,84,94,7.83,overcast clouds
93,Bluff,NZ,2022-07-25 22:25:50,-46.6,168.3333,44.8,90,100,27.45,light rain
94,Batagay-Alyta,RU,2022-07-25 22:27:29,67.8006,130.4114,68.11,57,39,1.81,scattered clouds
95,Stornoway,GB,2022-07-25 22:27:29,58.2093,-6.3865,52.93,91,75,3.44,broken clouds
96,Nhulunbuy,AU,2022-07-25 22:27:30,-12.2333,136.7667,70.41,94,75,5.75,broken clouds
97,Bucerias,MX,2022-07-25 22:22:53,20.75,-105.3333,85.98,70,75,11.5,broken clouds
98,Ponta Do Sol,PT,2022-07-25 22:27:30,32.6667,-17.1,84.83,65,55,5.41,broken clouds
99,Fortuna,US,2022-07-25 22:26:47,40.5982,-124.1573,74.93,65,36,3.0,scattered clouds
100,Mahebourg,MU,2022-07-25 22:27:31,-20.4081,57.7,68.29,88,40,9.22,scattered clouds
101,Port Augusta,AU,2022-07-25 22:27:32,-32.5,137.7667,43.21,85,0,3.4,clear sky
102,Qaanaaq,GL,2022-07-25 22:26:41,77.484,-69.3632,43.81,68,2,0.98,clear sky
103,Georgiyevka,KZ,2022-07-25 22:27:32,43.0369,74.7114,73.44,35,0,8.95,clear sky
104,Vestmanna,FO,2022-07-25 22:26:55,62.1564,-7.1664,47.32,81,100,12.66,overcast clouds
105,Novyy Urengoy,RU,2022-07-25 22:27:33,66.0833,76.6333,52.65,68,100,8.48,overcast clouds
106,Clyde River,CA,2022-07-25 22:26:20,70.4692,-68.5914,43.03,87,75,3.44,broken clouds
107,Rahimatpur,IN,2022-07-25 22:27:33,17.6,74.2,71.08,93,100,4.45,overcast clouds
108,Norman Wells,CA,2022-07-25 22:23:39,65.282,-126.8329,77.04,36,20,12.66,few clouds
109,Castro,BR,2022-07-25 22:26:34,-24.7911,-50.0119,61.66,69,93,2.98,overcast clouds
110,Lorengau,PG,2022-07-25 22:27:34,-2.0226,147.2712,81.01,81,88,8.43,overcast clouds
111,Evensk,RU,2022-07-25 22:27:35,61.95,159.2333,57.83,62,46,4.27,scattered clouds
112,Gat,IL,2022-07-25 22:23:04,31.61,34.7642,78.4,70,0,1.12,clear sky
113,Nara,JP,2022-07-25 22:27:35,34.6851,135.8049,84.9,56,98,2.62,overcast clouds
114,Caravelas,BR,2022-07-25 22:23:35,-17.7125,-39.2481,69.91,84,42,5.82,scattered clouds
115,Hithadhoo,MV,2022-07-25 22:23:54,-0.6,73.0833,81.97,73,8,7.45,clear sky
116,Hasaki,JP,2022-07-25 22:27:36,35.7333,140.8333,79.29,88,56,14.27,moderate rain
117,Karratha,AU,2022-07-25 22:23:49,-20.7377,116.8463,61.65,40,5,12.12,clear sky
118,Bonthe,SL,2022-07-25 22:27:36,7.5264,-12.505,75.25,78,88,6.96,overcast clouds
119,Sault Sainte Marie,CA,2022-07-25 22:25:03,46.5168,-84.3333,67.82,58,0,17.27,clear sky
120,Isla Mujeres,MX,2022-07-25 22:27:29,21.2311,-86.731,87.85,68,77,9.57,broken clouds
121,Faanui,PF,2022-07-25 22:26:16,-16.4833,-151.75,76.55,81,23,9.6,moderate rain
122,Lamesa,US,2022-07-25 22:27:37,32.7376,-101.951,99.52,21,2,13.47,clear sky
123,Alkhan-Yurt,RU,2022-07-25 22:27:37,43.2318,45.5723,66.13,57,54,3.38,broken clouds
124,Houma,US,2022-07-25 22:26:27,29.5958,-90.7195,86.0,78,0,10.36,clear sky
125,Narok,KE,2022-07-25 22:27:38,-1.0783,35.8601,59.02,64,91,7.67,overcast clouds
126,Severo-Kurilsk,RU,2022-07-25 22:25:04,50.6789,156.125,52.72,87,100,9.04,overcast clouds
127,Sept-Iles,CA,2022-07-25 22:27:39,50.2001,-66.3821,63.12,95,100,8.99,thunderstorm with heavy rain
128,Saldanha,ZA,2022-07-25 22:26:18,-33.0117,17.9442,53.65,57,1,9.62,clear sky
129,Zhanakorgan,KZ,2022-07-25 22:27:39,43.9098,67.2495,86.04,19,1,6.78,clear sky
130,Arraial Do Cabo,BR,2022-07-25 22:25:01,-22.9661,-42.0278,71.56,83,0,13.8,clear sky
131,Shahr-E Kord,IR,2022-07-25 22:27:40,32.3256,50.8644,55.17,24,0,6.91,clear sky
132,Vila Velha,BR,2022-07-25 22:26:48,-20.3297,-40.2925,71.94,85,0,4.61,clear sky
133,Nikolskoye,RU,2022-07-25 22:26:45,59.7035,30.7861,63.81,93,80,3.65,broken clouds
134,Cherskiy,RU,2022-07-25 22:23:43,68.75,161.3,52.43,45,87,8.37,overcast clouds
135,Codrington,AU,2022-07-25 22:27:41,-38.2667,141.9667,49.37,65,98,19.62,overcast clouds
136,Bredasdorp,ZA,2022-07-25 22:25:57,-34.5322,20.0403,47.43,76,0,4.12,clear sky
137,Tuatapere,NZ,2022-07-25 22:27:41,-46.1333,167.6833,45.16,94,100,13.42,moderate rain
138,Los Llanos De Aridane,ES,2022-07-25 22:27:42,28.6585,-17.9182,71.35,83,0,16.11,clear sky
139,Plettenberg Bay,ZA,2022-07-25 22:27:42,-34.0527,23.3716,55.17,61,0,6.02,clear sky
140,Saint George,US,2022-07-25 22:27:25,37.1041,-113.5841,79.39,50,100,21.85,thunderstorm
141,Pevek,RU,2022-07-25 22:26:08,69.7008,170.3133,37.09,79,93,8.43,overcast clouds
142,Parabel,RU,2022-07-25 22:27:43,58.6978,81.4825,55.15,89,100,5.55,overcast clouds
143,Beringovskiy,RU,2022-07-25 22:27:43,63.05,179.3167,45.25,76,100,1.95,overcast clouds
144,Kandrian,PG,2022-07-25 22:27:43,-6.2167,149.55,79.79,86,82,7.36,light rain
145,Seoul,KR,2022-07-25 22:25:29,37.5683,126.9778,76.6,88,0,2.3,clear sky
146,Bambous Virieux,MU,2022-07-25 22:27:44,-20.3428,57.7575,68.25,88,40,9.22,light rain
147,Cidreira,BR,2022-07-25 22:25:37,-30.1811,-50.2056,61.41,95,22,4.76,few clouds
148,Provideniya,RU,2022-07-25 22:27:44,64.3833,-173.3,50.11,66,75,17.9,broken clouds
149,Dunedin,NZ,2022-07-25 22:27:45,-45.8742,170.5036,45.84,93,100,20.0,overcast clouds
150,Torbay,CA,2022-07-25 22:26:39,47.6666,-52.7314,74.39,83,75,17.27,broken clouds
151,Gwadar,PK,2022-07-25 22:27:45,25.1216,62.3254,81.5,85,100,3.58,light rain
152,Behshahr,IR,2022-07-25 22:27:46,36.6923,53.5526,74.95,89,94,4.52,overcast clouds
153,Saskylakh,RU,2022-07-25 22:25:52,71.9167,114.0833,68.41,70,87,6.35,overcast clouds
154,Klaksvik,FO,2022-07-25 22:27:46,62.2266,-6.589,49.12,85,38,13.02,scattered clouds
155,Beipiao,CN,2022-07-25 22:27:47,41.7919,120.7792,70.84,84,100,4.03,overcast clouds
156,Dakar,SN,2022-07-25 22:24:13,14.6937,-17.4441,82.53,83,40,4.61,scattered clouds
157,Hamilton,US,2022-07-25 22:25:18,39.1834,-84.5333,81.09,68,0,6.91,clear sky
158,Borujerd,IR,2022-07-25 22:27:47,33.8973,48.7516,72.07,29,0,4.81,clear sky
159,Nanortalik,GL,2022-07-25 22:25:17,60.1432,-45.2371,42.03,97,100,5.46,light rain
160,Sabang,ID,2022-07-25 22:27:48,5.8933,95.3214,80.31,77,100,9.84,overcast clouds
161,Songjianghe,CN,2022-07-25 22:27:48,42.1859,127.479,65.57,97,63,3.85,broken clouds
162,Morant Bay,JM,2022-07-25 22:27:49,17.8815,-76.4093,87.42,76,26,13.04,scattered clouds
163,Labuan,MY,2022-07-25 22:27:49,5.2767,115.2417,77.36,94,20,2.3,few clouds
164,Grand Gaube,MU,2022-07-25 22:27:49,-20.0064,57.6608,68.4,79,6,1.99,clear sky
165,Victoria,HK,2022-07-25 22:24:45,22.2855,114.1577,87.19,80,91,8.01,overcast clouds
166,Mar Del Plata,AR,2022-07-25 22:26:07,-38.0023,-57.5575,54.09,95,100,15.01,light rain
167,Yeppoon,AU,2022-07-25 22:27:50,-23.1333,150.7333,55.18,86,0,2.33,clear sky
168,Lompoc,US,2022-07-25 22:26:50,34.6391,-120.4579,87.78,70,0,13.8,clear sky
169,Hirara,JP,2022-07-25 22:27:50,24.8,125.2833,84.06,89,20,0.0,few clouds
170,Newport,GB,2022-07-25 22:27:51,51.5877,-2.9984,62.02,77,15,8.99,few clouds
171,Makasar,ID,2022-07-25 22:27:51,-5.14,119.4221,69.85,100,20,0.0,few clouds
172,Morgan City,US,2022-07-25 22:27:52,29.6994,-91.2068,85.01,62,97,9.19,overcast clouds
173,Fukue,JP,2022-07-25 22:27:52,32.6881,128.8419,77.41,78,11,5.61,few clouds
174,Te Anau,NZ,2022-07-25 22:27:52,-45.4167,167.7167,39.4,98,100,2.51,overcast clouds
175,Salalah,OM,2022-07-25 22:27:53,17.0151,54.0924,75.29,100,100,5.75,drizzle
176,Pacific Grove,US,2022-07-25 22:27:53,36.6177,-121.9166,74.21,77,20,11.5,few clouds
177,Denpasar,ID,2022-07-25 22:23:50,-8.65,115.2167,74.86,83,40,3.44,scattered clouds
178,Marapanim,BR,2022-07-25 22:27:54,-0.7175,-47.6997,76.37,89,100,4.99,overcast clouds
179,Tomatlan,MX,2022-07-25 22:27:54,19.9333,-105.25,83.26,84,100,6.4,overcast clouds
180,Ikom,NG,2022-07-25 22:27:55,5.9667,8.7063,72.73,98,100,2.66,overcast clouds
181,Waingapu,ID,2022-07-25 22:27:55,-9.6567,120.2641,70.93,82,95,6.2,overcast clouds
182,Havoysund,NO,2022-07-25 22:27:55,70.9963,24.6622,53.83,93,100,12.77,light rain
183,Constantine,DZ,2022-07-25 22:27:56,36.365,6.6147,85.41,23,0,2.3,clear sky
184,Olga,RU,2022-07-25 22:27:56,43.7444,135.2892,69.26,86,3,3.0,clear sky
185,Port Elizabeth,ZA,2022-07-25 22:26:33,-33.918,25.5701,57.49,76,0,17.27,clear sky
186,Adrar,MR,2022-07-25 22:27:57,20.5022,-10.0711,95.63,24,68,6.82,broken clouds
187,Tessalit,ML,2022-07-25 22:27:57,20.1986,1.0114,96.15,8,3,11.68,clear sky
188,Antofagasta,CL,2022-07-25 22:23:28,-23.65,-70.4,56.48,80,14,6.35,few clouds
189,Tuktoyaktuk,CA,2022-07-25 22:27:58,69.4541,-133.0374,59.0,77,40,16.11,scattered clouds
190,Kutum,SD,2022-07-25 22:27:58,14.2,24.6667,83.19,41,71,10.38,broken clouds
191,Douentza,ML,2022-07-25 22:27:58,14.9951,-2.9517,91.94,38,63,4.94,broken clouds
192,Udachnyy,RU,2022-07-25 22:24:17,66.4167,112.4,68.45,88,43,3.15,scattered clouds
193,Araouane,ML,2022-07-25 22:27:59,18.9048,-3.5265,100.67,21,13,5.26,few clouds
194,Tomakomai,JP,2022-07-25 22:27:59,42.6369,141.6033,75.16,88,75,2.3,broken clouds
195,Tartus,SY,2022-07-25 22:28:00,34.889,35.8866,79.48,59,0,2.91,clear sky
196,Coquimbo,CL,2022-07-25 22:23:17,-29.9533,-71.3436,55.13,82,20,8.05,few clouds
197,Esso,RU,2022-07-25 22:28:00,55.9333,158.7,54.79,94,100,1.43,light rain
198,Dukat,RU,2022-07-25 22:28:01,62.55,155.55,64.22,41,21,9.86,few clouds
199,Nikel,RU,2022-07-25 22:28:01,69.4128,30.222,59.18,75,100,6.55,overcast clouds
200,Lasa,IT,2022-07-25 22:23:53,46.6166,10.7002,67.08,92,79,5.01,light rain
201,Taoudenni,ML,2022-07-25 22:28:02,22.6783,-3.9836,102.61,10,2,13.82,clear sky
202,Harper,LR,2022-07-25 22:28:02,4.375,-7.7169,73.58,78,27,7.23,scattered clouds
203,Ati,TD,2022-07-25 22:28:02,13.2154,18.3353,88.88,49,93,11.79,overcast clouds
204,Rexburg,US,2022-07-25 22:28:03,43.826,-111.7897,87.31,17,0,8.59,clear sky
205,Nalut,LY,2022-07-25 22:28:03,30.3333,10.85,84.78,16,0,8.86,clear sky
206,Guerrero Negro,MX,2022-07-25 22:25:32,27.9769,-114.0611,80.08,54,0,15.32,clear sky
207,Namatanai,PG,2022-07-25 22:23:41,-3.6667,152.4333,80.44,81,29,9.13,light rain
208,Cascais,PT,2022-07-25 22:28:04,38.6979,-9.4215,71.47,69,0,23.0,clear sky
209,Mwinilunga,ZM,2022-07-25 22:28:04,-11.7358,24.4293,58.03,41,0,4.7,clear sky
210,Pochutla,MX,2022-07-25 22:28:05,15.7432,-96.4661,87.82,72,89,4.18,overcast clouds
211,Boa Vista,BR,2022-07-25 22:28:05,2.8197,-60.6733,78.78,78,40,4.61,light rain
212,Takoradi,GH,2022-07-25 22:28:05,4.8845,-1.7554,74.19,88,70,9.62,broken clouds
213,The Valley,AI,2022-07-25 22:28:06,18.217,-63.0578,84.34,79,20,16.11,few clouds
214,Deputatskiy,RU,2022-07-25 22:28:06,69.3,139.9,58.1,55,100,3.98,overcast clouds
215,Dikson,RU,2022-07-25 22:28:06,73.5069,80.5464,43.48,97,99,22.08,light rain
216,Qaqortoq,GL,2022-07-25 22:28:07,60.7167,-46.0333,43.9,94,100,3.4,overcast clouds
217,Trinidad,BO,2022-07-25 22:26:33,-14.8333,-64.9,84.18,70,40,4.61,scattered clouds
218,Broken Hill,AU,2022-07-25 22:24:20,-31.95,141.4333,42.58,79,0,12.77,clear sky
219,Chuy,UY,2022-07-25 22:25:55,-33.6971,-53.4616,58.08,97,100,8.99,moderate rain
220,Lagoa,PT,2022-07-25 22:26:39,39.05,-27.9833,74.28,89,0,8.84,clear sky
221,Port Blair,IN,2022-07-25 22:28:08,11.6667,92.75,78.84,89,40,1.14,mist
222,Naze,JP,2022-07-25 22:28:08,28.3667,129.4833,79.72,79,6,2.71,clear sky
223,Kavieng,PG,2022-07-25 22:24:14,-2.5744,150.7967,82.15,79,20,16.4,light rain
224,Lamu,KE,2022-07-25 22:28:09,-2.2717,40.902,73.62,78,42,17.98,scattered clouds
225,Da Lat,VN,2022-07-25 22:28:09,11.9465,108.4419,58.6,96,42,1.43,scattered clouds
226,Ekuvukeni,ZA,2022-07-25 22:28:10,-28.4675,30.1551,42.76,44,0,1.72,clear sky
227,Maneadero,MX,2022-07-25 22:24:21,31.7167,-116.5667,75.96,62,32,9.48,scattered clouds
228,Stendal,DE,2022-07-25 22:28:10,52.6,11.85,67.06,90,89,4.12,overcast clouds
229,Mount Gambier,AU,2022-07-25 22:28:10,-37.8333,140.7667,49.75,60,90,14.58,overcast clouds
230,Warman,CA,2022-07-25 22:28:11,52.3168,-106.5679,68.09,63,100,12.66,light rain
231,Pisco,PE,2022-07-25 22:24:47,-13.7,-76.2167,60.85,88,40,6.91,scattered clouds
232,Ekibastuz,KZ,2022-07-25 22:25:55,51.6667,75.3667,69.93,44,8,5.39,clear sky
233,Topeka,US,2022-07-25 22:27:35,39.0483,-95.678,74.98,88,100,8.05,overcast clouds
234,Vardo,NO,2022-07-25 22:26:36,70.3705,31.1107,53.58,87,100,8.05,overcast clouds
235,Hobyo,SO,2022-07-25 22:28:12,5.3505,48.5268,75.58,82,4,25.55,clear sky
236,Souillac,MU,2022-07-25 22:26:04,-20.5167,57.5167,68.38,88,40,9.22,scattered clouds
237,Benguela,AO,2022-07-25 22:28:13,-12.5763,13.4055,70.47,81,100,4.16,overcast clouds
238,Miyako,JP,2022-07-25 22:28:13,39.6367,141.9525,75.16,86,33,1.57,scattered clouds
239,Awjilah,LY,2022-07-25 22:28:13,29.1081,21.2869,88.3,22,0,17.07,clear sky
240,Les Cayes,HT,2022-07-25 22:28:14,18.2,-73.75,84.38,61,3,8.43,clear sky
241,Charlottesville,US,2022-07-25 22:26:36,38.0293,-78.4767,85.08,90,40,10.36,scattered clouds
242,Tateyama,JP,2022-07-25 22:28:14,34.9833,139.8667,79.11,88,100,17.67,overcast clouds
243,Bukachacha,RU,2022-07-25 22:28:15,52.9833,116.9167,61.5,95,42,4.05,scattered clouds
244,Sarangani,PH,2022-07-25 22:28:15,5.4033,125.4636,81.61,78,98,4.47,overcast clouds
245,Bajil,YE,2022-07-25 22:28:15,15.0584,43.2851,87.19,64,100,3.0,overcast clouds
246,Santa Cruz Cabralia,BR,2022-07-25 22:28:16,-16.2781,-39.0247,70.03,88,20,2.3,few clouds
247,Tautira,PF,2022-07-25 22:26:01,-17.7333,-149.15,74.16,91,99,7.02,heavy intensity rain
248,Yulara,AU,2022-07-25 22:25:28,-25.2406,130.9889,43.81,67,0,10.69,clear sky
249,Dongsheng,CN,2022-07-25 22:28:17,39.8161,109.9776,69.94,74,80,11.3,moderate rain
250,Terbuny,RU,2022-07-25 22:28:17,52.1389,38.2789,61.93,95,100,7.07,overcast clouds
251,Airai,TL,2022-07-25 22:24:24,-8.9266,125.4092,54.36,72,21,3.53,few clouds
252,Namibe,AO,2022-07-25 22:28:18,-15.1961,12.1522,62.92,81,3,7.87,clear sky
253,Asifabad,IN,2022-07-25 22:28:18,19.3667,79.2833,76.28,91,100,3.09,light rain
254,Springbok,ZA,2022-07-25 22:26:44,-29.6643,17.8865,54.75,30,0,6.11,clear sky
255,Kuching,MY,2022-07-25 22:28:19,1.55,110.3333,75.42,100,40,3.0,scattered clouds
256,Upernavik,GL,2022-07-25 22:26:25,72.7868,-56.1549,39.42,90,45,12.19,scattered clouds
257,Nabire,ID,2022-07-25 22:28:14,-3.3667,135.4833,75.36,92,100,2.89,overcast clouds
258,Ketchikan,US,2022-07-25 22:26:43,55.3422,-131.6461,66.67,68,75,10.36,broken clouds
259,Marsa Matruh,EG,2022-07-25 22:28:20,31.3525,27.2453,77.2,83,0,10.36,clear sky
260,Stephenville Crossing,CA,2022-07-25 22:28:20,48.5,-58.4318,71.73,83,75,3.44,broken clouds
261,Rudraprayag,IN,2022-07-25 22:28:21,30.2833,78.9833,76.64,92,100,0.36,overcast clouds
262,Sao Joao Da Barra,BR,2022-07-25 22:26:27,-21.6403,-41.0511,71.38,83,2,12.93,clear sky
263,Tiksi,RU,2022-07-25 22:23:53,71.6872,128.8694,48.42,85,48,2.48,scattered clouds
264,Port Lincoln,AU,2022-07-25 22:26:39,-34.7333,135.8667,51.33,71,10,9.84,clear sky
265,Bezhanitsy,RU,2022-07-25 22:28:22,56.9767,29.8907,57.54,92,5,3.33,clear sky
266,Lebu,CL,2022-07-25 22:26:45,-37.6167,-73.65,53.38,84,99,23.33,overcast clouds
267,Shenjiamen,CN,2022-07-25 22:28:23,29.9576,122.298,79.29,86,69,12.12,broken clouds
268,Gao,ML,2022-07-25 22:28:23,16.6362,1.637,96.35,28,35,9.04,scattered clouds
269,Merritt Island,US,2022-07-25 22:28:23,28.5392,-80.672,89.1,66,40,9.22,scattered clouds
270,Marrakesh,MA,2022-07-25 22:23:52,31.6315,-8.0083,96.87,20,40,8.05,scattered clouds
271,Auki,SB,2022-07-25 22:28:24,-8.7676,160.7034,82.35,72,14,4.7,few clouds
272,Sri Aman,MY,2022-07-25 22:28:24,1.2376,111.4621,75.25,100,100,0.0,overcast clouds
273,Launceston,AU,2022-07-25 22:28:25,-41.45,147.1667,51.44,97,100,6.91,overcast clouds
274,Thurso,GB,2022-07-25 22:28:25,58.5927,-3.5259,50.25,83,71,15.66,broken clouds
275,Northam,GB,2022-07-25 22:28:25,51.0333,-4.2167,62.62,76,83,8.63,broken clouds
276,Bara,NG,2022-07-25 22:28:26,10.3744,10.7288,75.45,86,81,11.43,moderate rain
277,Esperance,AU,2022-07-25 22:28:26,-33.8667,121.9,50.9,58,55,18.14,broken clouds
278,Half Moon Bay,US,2022-07-25 22:28:26,37.4636,-122.4286,82.87,68,100,18.41,overcast clouds
279,Hualmay,PE,2022-07-25 22:28:27,-11.0964,-77.6139,65.25,75,47,11.43,scattered clouds
280,Belaya Gora,RU,2022-07-25 22:28:27,68.5333,146.4167,59.61,43,90,11.83,overcast clouds
281,Pangai,TO,2022-07-25 22:28:28,-19.8,-174.35,78.91,65,20,13.8,few clouds
282,Margate,GB,2022-07-25 22:26:48,51.3813,1.3862,67.3,71,82,4.0,broken clouds
283,Haines Junction,CA,2022-07-25 22:22:34,60.7522,-137.5108,71.55,49,99,11.5,overcast clouds
284,Quatre Cocos,MU,2022-07-25 22:28:28,-20.2078,57.7625,68.11,81,20,10.92,light rain
285,Broome,US,2022-07-25 22:25:01,42.2506,-75.833,84.65,55,0,12.66,clear sky
286,Romny,UA,2022-07-25 22:28:29,50.751,33.4747,58.59,95,3,7.4,clear sky
287,Srednekolymsk,RU,2022-07-25 22:28:29,67.45,153.6833,53.96,46,92,12.08,overcast clouds
288,Kapit,MY,2022-07-25 22:25:05,2.0167,112.9333,73.26,100,100,1.14,overcast clouds
289,Rafaela,AR,2022-07-25 22:28:30,-31.2503,-61.4867,74.98,52,76,1.99,broken clouds
290,Linxia,CN,2022-07-25 22:28:30,35.6003,103.2064,62.24,68,2,3.04,clear sky
291,Tignere,CM,2022-07-25 22:28:30,7.3667,12.65,64.9,95,100,0.83,overcast clouds
292,Katsuura,JP,2022-07-25 22:26:25,35.1333,140.3,78.82,89,95,18.28,overcast clouds
293,Marienburg,PL,2022-07-25 22:28:31,54.0359,19.0266,74.57,54,69,12.64,broken clouds
294,Luderitz,NA,2022-07-25 22:28:32,-26.6481,15.1594,56.7,80,27,9.86,scattered clouds
295,Kolosovka,RU,2022-07-25 22:28:32,56.4678,73.611,61.07,92,12,6.17,few clouds
296,Borogontsy,RU,2022-07-25 22:28:33,62.6683,131.1683,69.03,62,36,7.2,scattered clouds
297,Dzhebariki-Khaya,RU,2022-07-25 22:28:33,62.2167,135.8,65.25,58,60,4.32,broken clouds
298,Sochaczew,PL,2022-07-25 22:28:33,52.2294,20.2384,74.19,63,0,8.93,clear sky
299,Vila,PT,2022-07-25 22:28:34,42.0304,-8.1588,58.08,87,0,3.11,clear sky
300,Padang,ID,2022-07-25 22:25:59,-0.9492,100.3543,71.65,85,100,2.42,overcast clouds
301,Bhimunipatnam,IN,2022-07-25 22:28:34,17.8833,83.4333,78.31,81,100,3.96,overcast clouds
302,Nemuro,JP,2022-07-25 22:26:43,43.3236,145.575,63.28,88,3,2.26,clear sky
303,Catuday,PH,2022-07-25 22:28:35,16.2923,119.8062,80.02,75,100,7.07,overcast clouds
304,Chokurdakh,RU,2022-07-25 22:24:17,70.6333,147.9167,54.79,47,100,13.49,overcast clouds
305,Chimala,TZ,2022-07-25 22:28:35,-8.85,34.0167,60.69,74,14,4.0,few clouds
306,Candelaria,PH,2022-07-25 22:27:46,13.9311,121.4233,77.0,92,100,1.88,overcast clouds
307,Shache,CN,2022-07-25 22:24:02,38.4167,77.2406,75.7,22,44,4.72,scattered clouds
308,Leh,IN,2022-07-25 22:28:36,34.1667,77.5833,63.05,58,72,2.26,broken clouds
309,Barstow,US,2022-07-25 22:28:36,34.8986,-117.0228,90.59,27,40,9.69,scattered clouds
310,Izhmorskiy,RU,2022-07-25 22:28:37,56.194,86.6414,52.09,98,96,4.79,light rain
311,Karasjok,NO,2022-07-25 22:28:37,69.4719,25.5112,53.01,95,100,4.88,overcast clouds
312,San Javier,ES,2022-07-25 22:28:37,37.8063,-0.8374,85.05,66,37,5.01,scattered clouds
313,Lakhipur,IN,2022-07-25 22:26:44,26.0299,90.3041,77.07,93,99,4.07,overcast clouds
314,Anloga,GH,2022-07-25 22:28:38,5.7947,0.8973,75.69,87,100,13.76,overcast clouds
315,Maralal,KE,2022-07-25 22:28:38,1.0968,36.698,59.56,68,86,5.53,overcast clouds
316,Tambopata,PE,2022-07-25 22:28:39,-12.7333,-69.1833,76.68,86,95,1.66,overcast clouds
317,Carroll,US,2022-07-25 22:28:39,39.5501,-77.0164,84.65,74,55,5.01,broken clouds
318,Shahe,CN,2022-07-25 22:28:39,39.2708,113.5478,63.55,92,79,4.54,broken clouds
319,Singaparna,ID,2022-07-25 22:27:32,-7.3515,108.111,63.16,95,90,0.72,overcast clouds
320,Vitim,RU,2022-07-25 22:28:40,59.4511,112.5578,70.41,77,7,3.04,clear sky
321,Sioux Lookout,CA,2022-07-25 22:26:40,50.1001,-91.917,73.47,43,75,8.05,broken clouds
322,Komsomolskiy,UZ,2022-07-25 22:28:41,40.4272,71.7189,81.32,32,0,4.61,clear sky
323,Nizhniy Odes,RU,2022-07-25 22:28:41,63.6445,54.856,46.81,83,46,4.47,scattered clouds
324,Coahuayana,MX,2022-07-25 22:28:42,18.7333,-103.6833,83.59,75,100,2.98,overcast clouds
325,Makakilo City,US,2022-07-25 22:28:42,21.3469,-158.0858,84.52,53,100,13.8,overcast clouds
326,Jimma,ET,2022-07-25 22:28:42,7.6667,36.8333,58.01,94,70,1.16,broken clouds
327,Key West,US,2022-07-25 22:25:29,24.5557,-81.7826,91.4,60,0,12.66,clear sky
328,Dengzhou,CN,2022-07-25 22:28:43,37.8086,120.7508,72.91,82,100,6.78,overcast clouds
329,Verkhovye,RU,2022-07-25 22:28:43,52.8119,37.2425,60.3,96,100,6.29,overcast clouds
330,Galle,LK,2022-07-25 22:25:59,6.0367,80.217,78.76,86,100,11.77,overcast clouds
331,Biltine,TD,2022-07-25 22:28:44,14.5333,20.9167,90.05,41,85,8.08,overcast clouds
332,Honiara,SB,2022-07-25 22:26:47,-9.4333,159.95,83.64,70,22,6.46,few clouds
333,Ancud,CL,2022-07-25 22:28:14,-41.8697,-73.8203,45.27,90,100,11.3,overcast clouds
334,Vazhiny,RU,2022-07-25 22:28:45,60.9644,34.0222,58.21,97,50,2.68,scattered clouds
335,Nelson Bay,AU,2022-07-25 22:28:09,-32.7167,152.15,55.0,96,64,5.99,light rain
336,Marquette,US,2022-07-25 22:28:45,46.5333,-87.6335,72.84,55,15,9.78,few clouds
337,Kloulklubed,PW,2022-07-25 22:28:46,7.0419,134.2556,75.7,75,44,8.37,scattered clouds
338,Farafangana,MG,2022-07-25 22:28:46,-22.8167,47.8333,67.28,89,48,5.37,scattered clouds
339,Bodden Town,KY,2022-07-25 22:28:47,19.2833,-81.25,88.0,66,20,9.22,few clouds
340,Kindu,CD,2022-07-25 22:28:47,-2.95,25.95,78.04,57,84,2.66,broken clouds
341,Alta Floresta,BR,2022-07-25 22:28:47,-9.8756,-56.0861,82.29,31,29,3.62,scattered clouds
342,Sabla,NG,2022-07-25 22:28:48,12.7525,4.7077,81.23,64,49,8.21,scattered clouds
343,Ubinskoye,RU,2022-07-25 22:28:48,55.3068,79.6802,60.85,73,79,5.44,broken clouds
344,Oussouye,SN,2022-07-25 22:28:48,12.485,-16.5469,77.18,89,100,5.95,overcast clouds
345,Quang Ngai,VN,2022-07-25 22:28:49,15.1167,108.8,74.43,87,97,4.56,overcast clouds
346,Fremont,US,2022-07-25 22:28:49,37.5483,-121.9886,91.36,47,0,13.8,clear sky
347,Gobabis,NA,2022-07-25 22:28:50,-22.45,18.9667,59.54,35,83,11.63,broken clouds
348,Anadyr,RU,2022-07-25 22:28:50,64.75,177.4833,48.7,70,40,6.71,scattered clouds
349,Leningradskiy,RU,2022-07-25 22:26:46,69.3833,178.4167,33.73,90,100,6.02,overcast clouds
350,Balagansk,RU,2022-07-25 22:28:51,54.0103,103.0544,53.13,95,100,17.4,moderate rain
351,Livingston,GB,2022-07-25 22:28:51,55.9029,-3.5226,54.59,81,20,5.75,few clouds
352,Dwarka,IN,2022-07-25 22:25:02,22.2394,68.9678,82.09,81,100,18.68,overcast clouds
353,Maldonado,UY,2022-07-25 22:28:52,-34.6667,-54.9167,57.22,96,100,10.92,light rain
354,Lima,PE,2022-07-25 22:28:52,-12.0432,-77.0282,59.25,82,100,12.66,overcast clouds
355,Sampit,ID,2022-07-25 22:28:52,-2.5333,112.95,71.85,95,82,1.07,broken clouds
356,Dubasari,MD,2022-07-25 22:28:53,47.2631,29.1608,64.29,56,3,4.52,clear sky
357,Mehamn,NO,2022-07-25 22:26:29,71.0357,27.8492,53.55,94,75,0.0,light rain
358,Senneterre,CA,2022-07-25 22:28:53,48.3835,-77.2328,57.99,80,97,9.69,overcast clouds
359,Takayama,JP,2022-07-25 22:28:53,36.1333,137.25,72.46,92,100,0.87,overcast clouds
360,Judaberg,NO,2022-07-25 22:28:54,59.1659,5.8732,53.62,88,96,18.57,overcast clouds
361,Djenne,ML,2022-07-25 22:28:54,13.9061,-4.5533,87.17,51,27,10.16,scattered clouds
362,Illapel,CL,2022-07-25 22:28:55,-31.6308,-71.1653,55.45,80,100,3.94,overcast clouds
363,Port Hardy,CA,2022-07-25 22:28:55,50.6996,-127.4199,71.78,68,20,14.97,fog
364,Raga,SS,2022-07-25 22:28:55,8.4596,25.678,71.33,89,42,4.32,scattered clouds
365,Paamiut,GL,2022-07-25 22:28:56,61.994,-49.6678,45.25,86,55,4.7,broken clouds
366,Oda,JP,2022-07-25 22:28:56,35.1833,132.5,75.97,88,3,1.25,clear sky
367,Altay,CN,2022-07-25 22:28:56,47.8667,88.1167,55.9,41,0,5.01,clear sky
368,Yambio,SS,2022-07-25 22:28:57,4.5721,28.3955,68.74,96,100,4.0,overcast clouds
369,Suntar,RU,2022-07-25 22:26:49,62.1444,117.6319,73.94,76,4,4.18,clear sky
370,Geraldton,AU,2022-07-25 22:26:03,-28.7667,114.6,43.21,81,7,14.97,clear sky
371,Santa Rosa,PH,2022-07-25 22:28:57,14.3122,121.1114,80.58,88,99,1.57,overcast clouds
372,Piacabucu,BR,2022-07-25 22:28:58,-10.4056,-36.4344,72.99,81,83,9.35,broken clouds
373,Turayf,SA,2022-07-25 22:27:10,31.6725,38.6637,79.05,36,0,6.91,clear sky
374,Makat,KZ,2022-07-25 22:28:59,47.6469,53.3463,72.27,67,4,8.77,light rain
375,Guthrie,US,2022-07-25 22:24:36,35.8789,-97.4253,107.55,22,40,9.22,scattered clouds
376,Talnakh,RU,2022-07-25 22:28:59,69.4865,88.3972,54.21,81,78,5.61,broken clouds
377,Guarapari,BR,2022-07-25 22:28:59,-20.6667,-40.4975,71.89,84,4,8.08,clear sky
378,Flinders,AU,2022-07-25 22:29:00,-34.5833,150.8552,57.38,91,96,5.01,light rain
379,Saint-Louis,SN,2022-07-25 22:29:00,16.3333,-15.0,83.84,52,62,13.62,broken clouds
380,Ahuimanu,US,2022-07-25 22:27:44,21.4447,-157.8378,85.71,57,75,13.8,broken clouds
381,Ostrovnoy,RU,2022-07-25 22:26:12,68.0531,39.5131,51.01,85,40,6.71,scattered clouds
382,Marsh Harbour,BS,2022-07-25 22:29:01,26.5412,-77.0636,83.57,73,67,15.03,broken clouds
383,Tual,ID,2022-07-25 22:29:01,-5.6667,132.75,79.61,82,37,20.76,scattered clouds
384,Sibolga,ID,2022-07-25 22:25:38,1.7427,98.7792,75.0,96,100,1.92,overcast clouds
385,Novopokrovka,UA,2022-07-25 22:29:02,49.8425,36.5477,61.83,88,43,4.14,light rain
386,Kismayo,SO,2022-07-25 22:29:02,-0.3582,42.5454,75.4,77,100,18.95,overcast clouds
387,Puerto Escondido,MX,2022-07-25 22:27:53,15.85,-97.0667,86.83,62,75,6.91,broken clouds
388,Kieta,PG,2022-07-25 22:25:56,-6.2167,155.6333,80.15,80,73,2.86,light rain
389,Tres Arroyos,AR,2022-07-25 22:29:03,-38.3739,-60.2798,54.95,80,100,13.29,moderate rain
390,Moron,AR,2022-07-25 22:29:03,-34.6534,-58.6198,61.97,98,100,8.3,overcast clouds
391,Bethel,US,2022-07-25 22:24:38,41.3712,-73.414,87.37,80,75,16.11,broken clouds
392,Eydhafushi,MV,2022-07-25 22:29:04,5.1033,73.0708,80.2,80,89,20.89,overcast clouds
393,Wawa,NG,2022-07-25 22:29:04,9.9022,4.4192,75.63,88,98,7.02,light rain
394,Pemba,MZ,2022-07-25 22:29:05,-12.974,40.5178,72.3,88,20,5.75,few clouds
395,Umm Lajj,SA,2022-07-25 22:29:05,25.0213,37.2685,85.08,62,26,4.23,scattered clouds
396,Matagami,CA,2022-07-25 22:29:05,49.7502,-77.6328,60.91,82,100,8.05,overcast clouds
397,Onoda,JP,2022-07-25 22:29:06,34.0014,131.1836,80.62,89,75,6.91,broken clouds
398,Port Macquarie,AU,2022-07-25 22:29:06,-31.4333,152.9167,51.89,74,3,5.86,clear sky
399,Nogliki,RU,2022-07-25 22:29:07,51.8333,143.1667,57.92,95,100,2.57,overcast clouds
400,Batemans Bay,AU,2022-07-25 22:25:44,-35.7167,150.1833,53.1,89,52,6.2,light rain
401,Kudahuvadhoo,MV,2022-07-25 22:28:52,2.6708,72.8944,79.02,82,90,12.84,overcast clouds
402,Baherden,TM,2022-07-25 22:29:08,38.4362,57.4316,82.47,42,12,7.52,few clouds
403,Richmond,US,2022-07-25 22:28:35,37.5538,-77.4603,81.99,88,100,11.5,moderate rain
404,Atar,MR,2022-07-25 22:29:08,20.5169,-13.0499,94.66,37,98,10.76,overcast clouds
405,Oranjestad,AW,2022-07-25 22:29:09,12.524,-70.027,84.15,70,20,24.16,few clouds
406,Dhidhdhoo,MV,2022-07-25 22:29:09,6.8833,73.1,81.0,80,91,16.33,overcast clouds
407,Tanout,NE,2022-07-25 22:29:09,14.9709,8.8879,94.35,17,5,7.18,clear sky
408,Afsin,TR,2022-07-25 22:29:10,38.2477,36.914,60.96,57,0,4.12,clear sky
409,Meulaboh,ID,2022-07-25 22:29:10,4.1363,96.1285,73.69,97,100,4.61,overcast clouds
410,Tilichiki,RU,2022-07-25 22:29:11,60.4667,166.1,56.32,64,96,4.09,overcast clouds
411,San Matias,BO,2022-07-25 22:29:11,-16.3667,-58.4,84.99,25,19,5.19,few clouds
412,Sakakah,SA,2022-07-25 22:29:11,29.9697,40.2064,90.97,14,5,8.55,clear sky
413,Quevedo,EC,2022-07-25 22:29:12,-1.0333,-79.45,83.16,61,48,1.28,scattered clouds
414,Owensboro,US,2022-07-25 22:25:01,37.7742,-87.1133,85.15,74,40,8.05,scattered clouds
415,Dingle,PH,2022-07-25 22:29:12,10.9995,122.6711,76.21,91,87,1.28,overcast clouds
416,Port-Cartier,CA,2022-07-25 22:29:13,50.0334,-66.8654,62.82,99,100,3.36,heavy intensity rain
417,Sitka,US,2022-07-25 22:27:51,57.0531,-135.33,57.09,88,100,3.44,light intensity drizzle
418,Alofi,NU,2022-07-25 22:29:13,-19.0595,-169.9187,76.89,53,75,16.11,broken clouds
419,Itanhaem,BR,2022-07-25 22:29:14,-24.1831,-46.7889,65.52,92,84,1.61,broken clouds
420,Korla,CN,2022-07-25 22:29:14,41.7597,86.1469,79.77,29,17,6.82,few clouds
421,Bell Ville,AR,2022-07-25 22:29:14,-32.6259,-62.6887,66.99,82,98,5.7,overcast clouds
422,Do Gonbadan,IR,2022-07-25 22:29:15,30.3586,50.7981,80.69,14,3,0.0,clear sky
423,Carndonagh,IE,2022-07-25 22:29:15,55.25,-7.2667,54.19,74,100,12.44,overcast clouds
424,Jumla,NP,2022-07-25 22:29:16,29.2747,82.1838,61.09,97,98,1.16,overcast clouds
425,Aquiraz,BR,2022-07-25 22:29:16,-3.9014,-38.3911,79.18,82,71,8.55,broken clouds
426,Sambava,MG,2022-07-25 22:29:17,-14.2667,50.1667,69.39,84,97,9.37,light rain
427,Umm Kaddadah,SD,2022-07-25 22:29:17,13.6017,26.6876,89.96,38,75,13.04,broken clouds
428,Okhotsk,RU,2022-07-25 22:29:17,59.3833,143.3,58.95,79,52,5.28,broken clouds
429,Avera,US,2022-07-25 22:29:18,33.194,-82.5271,89.11,48,100,6.2,overcast clouds
430,Natal,BR,2022-07-25 22:24:25,-5.795,-35.2094,77.22,73,0,8.05,clear sky
431,Port Hedland,AU,2022-07-25 22:29:18,-20.3167,118.5667,60.85,44,31,10.36,scattered clouds
432,Bukama,CD,2022-07-25 22:29:19,-9.2,25.85,72.84,35,6,2.59,clear sky
433,Batouri,CM,2022-07-25 22:29:19,4.4333,14.3667,67.82,99,100,3.06,light rain
434,West Wendover,US,2022-07-25 22:29:19,40.7391,-114.0733,96.01,14,0,10.36,clear sky
435,Gilgit,PK,2022-07-25 22:29:20,35.9221,74.3087,81.07,67,51,4.03,broken clouds
436,Kiruna,SE,2022-07-25 22:29:20,67.8557,20.2251,52.72,94,100,0.0,overcast clouds
437,Lander,US,2022-07-25 22:29:21,42.833,-108.7307,90.41,16,0,9.22,clear sky
438,Abu Samrah,SY,2022-07-25 22:29:21,35.3029,37.1841,76.82,35,0,8.55,clear sky
439,Sarangarh,IN,2022-07-25 22:29:21,21.6,83.0833,76.78,92,100,2.77,light rain
440,Port Moresby,PG,2022-07-25 22:29:22,-9.4431,147.1797,78.22,83,20,11.5,few clouds
441,Tura,IN,2022-07-25 22:29:22,25.5198,90.2201,73.04,98,100,3.69,overcast clouds
442,Pacasmayo,PE,2022-07-25 22:29:22,-7.4006,-79.5714,65.64,79,51,15.52,broken clouds
443,Bandarbeyla,SO,2022-07-25 22:29:23,9.4942,50.8122,76.17,81,37,30.42,scattered clouds
444,Chifeng,CN,2022-07-25 22:29:23,42.2683,118.9636,70.86,81,83,4.03,broken clouds
445,Betare Oya,CM,2022-07-25 22:29:24,5.6,14.0833,67.12,98,99,1.72,moderate rain
446,Karachi,PK,2022-07-25 22:29:24,24.9056,67.0822,80.42,94,75,11.5,drizzle
447,Fomboni,KM,2022-07-25 22:29:24,-12.28,43.7425,76.48,69,3,14.12,clear sky
448,Kamenka,RU,2022-07-25 22:29:25,51.3223,42.7678,61.7,92,74,4.21,broken clouds
449,Moose Factory,CA,2022-07-25 22:29:25,51.2585,-80.6094,60.8,77,100,10.36,overcast clouds
450,Durban,ZA,2022-07-25 22:27:17,-29.8579,31.0292,54.52,93,9,7.31,clear sky
451,Forest Hills,US,2022-07-25 22:29:26,42.9595,-85.4898,76.77,53,75,13.8,broken clouds
452,Tefe,BR,2022-07-25 22:29:26,-3.3542,-64.7114,87.91,74,20,3.44,few clouds
453,Sorland,NO,2022-07-25 22:29:26,67.667,12.6934,55.26,86,94,15.57,overcast clouds
454,Palimbang,PH,2022-07-25 22:29:27,6.2106,124.1894,78.35,79,66,4.68,broken clouds
455,Kununurra,AU,2022-07-25 22:29:27,-15.7667,128.7333,49.98,87,8,2.3,clear sky
456,Teguldet,RU,2022-07-25 22:29:27,57.3064,88.1667,48.04,97,9,3.6,clear sky
457,Huarmey,PE,2022-07-25 22:29:28,-10.0681,-78.1522,66.15,77,36,10.56,scattered clouds
458,Guapi,CO,2022-07-25 22:29:28,2.5708,-77.8854,77.67,89,82,6.49,moderate rain
459,Yatou,CN,2022-07-25 22:29:29,37.15,122.3833,73.26,83,1,4.0,clear sky
460,Mildura,AU,2022-07-25 22:29:29,-34.2,142.15,42.08,90,1,12.19,clear sky
461,Nakapiripirit,UG,2022-07-25 22:29:30,1.9167,34.7833,67.95,75,86,2.55,light rain
462,Roald,NO,2022-07-25 22:26:04,62.5833,6.1333,63.16,82,100,10.36,overcast clouds
463,Hambantota,LK,2022-07-25 22:26:19,6.1241,81.1185,78.03,87,100,11.05,moderate rain
464,Lakes Entrance,AU,2022-07-25 22:29:30,-37.8811,147.981,50.16,89,100,12.35,overcast clouds
465,Asyut,EG,2022-07-25 22:29:31,27.181,31.1837,86.18,18,0,5.55,clear sky
466,Sassandra,CI,2022-07-25 22:29:31,4.95,-6.0833,73.06,82,34,5.46,scattered clouds
467,Olinda,BR,2022-07-25 22:29:31,-8.0089,-34.8553,74.93,73,75,8.05,broken clouds
468,Kalemie,CD,2022-07-25 22:29:32,-5.9475,29.1947,71.42,61,17,1.48,few clouds
469,Mporokoso,ZM,2022-07-25 22:29:32,-9.3727,30.125,58.78,62,35,7.29,scattered clouds
470,Ypsonas,CY,2022-07-25 22:29:32,34.6884,32.9574,77.97,83,0,5.75,clear sky
471,Milkovo,RU,2022-07-25 22:29:33,54.7167,158.6167,63.09,64,71,3.13,broken clouds
472,Mitsamiouli,KM,2022-07-25 22:29:33,-11.3847,43.2844,76.21,71,9,7.47,clear sky
473,Pozo Colorado,PY,2022-07-25 22:29:34,-23.4923,-58.7972,82.94,31,0,4.5,clear sky
474,Ponta Delgada,PT,2022-07-25 22:29:34,37.7333,-25.6667,72.32,88,20,8.05,few clouds
475,Eyl,SO,2022-07-25 22:29:35,7.9803,49.8164,76.75,73,95,26.53,overcast clouds
476,Nouadhibou,MR,2022-07-25 22:26:19,20.931,-17.0347,78.78,73,0,5.75,clear sky
477,Nakusp,CA,2022-07-25 22:29:35,50.2499,-117.8023,90.48,30,28,2.3,scattered clouds
478,Lake City,US,2022-07-25 22:25:31,30.1897,-82.6393,91.62,62,0,9.22,clear sky
479,Sechura,PE,2022-07-25 22:29:36,-5.5569,-80.8222,72.77,65,24,17.22,few clouds
480,Babu,CN,2022-07-25 22:29:36,24.4167,111.5167,78.76,78,4,1.7,clear sky
481,Zwedru,LR,2022-07-25 22:29:36,6.0667,-8.1281,72.34,83,60,3.53,broken clouds
482,Aklavik,CA,2022-07-25 22:29:37,68.2191,-135.0107,73.65,39,26,15.37,scattered clouds
483,Mashhad,IR,2022-07-25 22:29:37,36.297,59.6062,78.94,44,0,4.61,clear sky
484,Punta Cardon,VE,2022-07-25 22:29:37,11.6581,-70.215,81.99,71,93,29.33,overcast clouds
485,Kurchum,KZ,2022-07-25 22:29:38,48.5722,83.6542,59.31,53,0,8.03,clear sky
486,Humberto De Campos,BR,2022-07-25 22:29:38,-2.5983,-43.4611,77.23,85,99,3.98,overcast clouds
487,Nong Ki,TH,2022-07-25 22:29:38,14.6868,102.538,82.51,79,92,5.12,overcast clouds
488,Awallan,PH,2022-07-25 22:29:39,17.9244,121.913,76.91,87,99,1.99,overcast clouds
489,Berlevag,NO,2022-07-25 22:29:39,70.8578,29.0864,55.2,93,100,16.11,overcast clouds
490,Tarakan,ID,2022-07-25 22:29:40,3.3,117.6333,79.63,80,99,5.35,overcast clouds
491,Luwingu,ZM,2022-07-25 22:29:40,-10.2621,29.9271,62.35,53,78,7.7,broken clouds
492,Magalia,US,2022-07-25 22:29:41,39.8121,-121.5783,90.95,11,3,7.81,clear sky
493,Berberati,CF,2022-07-25 22:29:41,4.2612,15.7922,68.47,98,100,1.97,light rain
494,Ampanihy,MG,2022-07-25 22:29:41,-24.7,44.75,60.67,91,12,3.53,few clouds
495,Biak,ID,2022-07-25 22:29:42,-0.9131,122.8766,74.7,86,95,6.29,overcast clouds
496,Beloha,MG,2022-07-25 22:29:42,-25.1667,45.05,62.47,89,15,3.67,few clouds
497,Baiquan,CN,2022-07-25 22:29:42,47.5833,126.0833,70.09,87,14,6.35,few clouds
498,North Bend,US,2022-07-25 22:29:43,43.4065,-124.2243,89.24,79,0,21.85,clear sky
499,Inhambane,MZ,2022-07-25 22:26:13,-23.865,35.3833,60.66,81,0,9.26,clear sky
500,Darnah,LY,2022-07-25 22:29:43,32.767,22.6367,80.31,70,0,15.05,clear sky
501,Shubarshi,KZ,2022-07-25 22:29:44,48.5872,57.1869,74.71,50,100,11.16,light rain
502,Papetoai,PF,2022-07-25 22:29:44,-17.4961,-149.8729,83.79,85,80,3.6,moderate rain
503,Harnosand,SE,2022-07-25 22:29:45,62.6323,17.9379,64.42,96,100,17.45,overcast clouds
504,Faya,SA,2022-07-25 22:26:41,18.3851,42.4509,66.72,60,100,2.8,moderate rain
505,Macau,MO,2022-07-25 22:29:45,22.2006,113.5461,87.85,79,20,9.22,few clouds
506,Imeni Poliny Osipenko,RU,2022-07-25 22:28:04,52.4201,136.4853,59.63,91,96,8.03,overcast clouds
507,Bejar,ES,2022-07-25 22:29:46,40.3864,-5.7634,69.39,43,0,5.39,clear sky
508,Grindavik,IS,2022-07-25 22:26:42,63.8424,-22.4338,51.75,87,75,6.91,broken clouds
509,Vila Franca Do Campo,PT,2022-07-25 22:29:46,37.7167,-25.4333,72.01,90,45,3.04,scattered clouds
510,Borba,BR,2022-07-25 22:26:32,-4.3878,-59.5939,81.93,59,25,3.8,scattered clouds
511,Fenton,US,2022-07-25 22:25:21,42.7978,-83.7049,77.09,51,75,11.5,broken clouds
512,Puri,IN,2022-07-25 22:29:47,19.8,85.85,79.32,82,82,10.16,broken clouds
513,Lamar,US,2022-07-25 22:29:47,33.6668,-95.5836,100.38,32,20,10.36,few clouds
514,Durango,MX,2022-07-25 22:25:22,24.8333,-104.8333,82.87,23,74,11.81,broken clouds
515,Taltal,CL,2022-07-25 22:29:48,-25.4,-70.4833,59.23,81,22,5.41,few clouds
516,Doha,QA,2022-07-25 22:29:48,25.2867,51.5333,94.98,45,0,8.05,clear sky
517,Mezen,RU,2022-07-25 22:29:49,65.8522,44.24,46.8,88,7,4.9,clear sky
518,Eunice,US,2022-07-25 22:29:49,30.4944,-92.4176,91.6,50,81,15.03,broken clouds
519,Ladovskaya Balka,RU,2022-07-25 22:29:49,45.6297,41.4023,67.89,75,80,9.51,broken clouds
520,Kayseri,TR,2022-07-25 22:29:50,38.737,35.4968,62.62,67,0,6.91,clear sky
521,Usak,TR,2022-07-25 22:29:50,38.5,29.4167,67.35,44,0,8.99,clear sky
522,Kompaniyivka,UA,2022-07-25 22:29:51,48.2511,32.208,62.98,73,26,7.43,scattered clouds
523,Ahipara,NZ,2022-07-25 22:29:19,-35.1667,173.1667,56.77,87,76,22.79,broken clouds
524,Mragowo,PL,2022-07-25 22:29:51,53.8644,21.3051,62.6,77,58,8.1,broken clouds
525,Aranos,NA,2022-07-25 22:29:52,-24.1333,19.1167,62.49,28,86,6.85,overcast clouds
526,Muravlenko,RU,2022-07-25 22:29:52,63.7898,74.523,49.28,73,52,6.22,broken clouds
527,Rawson,AR,2022-07-25 22:29:52,-43.3002,-65.1023,44.73,94,100,11.65,moderate rain
528,Thunder Bay,CA,2022-07-25 22:25:15,48.4001,-89.3168,76.91,38,40,13.8,scattered clouds
529,Aksu,CN,2022-07-25 22:27:58,41.1231,80.2644,81.52,23,8,2.44,clear sky
530,Dudinka,RU,2022-07-25 22:29:53,69.4058,86.1778,54.63,87,100,9.15,overcast clouds
531,Fare,PF,2022-07-25 22:29:53,-16.7,-151.0167,76.8,79,73,9.75,moderate rain
532,Arlit,NE,2022-07-25 22:26:28,18.7369,7.3853,100.71,12,2,6.42,clear sky
533,Progreso,MX,2022-07-25 22:29:54,21.2833,-89.6667,77.11,69,52,15.86,broken clouds
534,Mazagao,BR,2022-07-25 22:29:54,-0.115,-51.2894,80.65,78,62,7.0,light rain
535,Tibu,CO,2022-07-25 22:29:55,8.639,-72.7358,89.85,55,29,3.27,scattered clouds
536,Bartica,GY,2022-07-25 22:29:55,6.4,-58.6167,84.52,94,66,3.04,broken clouds
537,Nioro,GM,2022-07-25 22:29:55,13.35,-15.75,75.69,94,100,12.06,light rain
538,Atbasar,KZ,2022-07-25 22:29:56,51.8,68.3333,69.89,46,83,6.26,broken clouds
539,Dehloran,IR,2022-07-25 22:29:56,32.6941,47.2679,91.42,8,0,7.14,clear sky
540,Mananjary,MG,2022-07-25 22:29:57,-21.2167,48.3333,65.23,93,35,4.16,scattered clouds
541,Opuwo,NA,2022-07-25 22:29:57,-18.0607,13.84,62.62,34,19,5.19,few clouds
542,Kerman,IR,2022-07-25 22:29:57,30.2832,57.0788,82.26,30,40,4.61,scattered clouds
543,Paso De Los Toros,UY,2022-07-25 22:29:58,-32.8167,-56.5167,65.37,97,59,9.28,broken clouds
544,Kuala Pilah,MY,2022-07-25 22:29:58,2.7389,102.2487,73.63,97,99,2.48,overcast clouds
545,Saint-Francois,FR,2022-07-25 22:29:58,46.4154,3.9054,65.64,88,75,6.91,broken clouds
546,Kibala,TD,2022-07-25 22:29:59,9.1104,18.3463,78.75,73,20,11.5,thunderstorm
547,Colares,PT,2022-07-25 22:29:59,38.7992,-9.4469,71.29,68,0,23.0,clear sky
548,Senanga,ZM,2022-07-25 22:30:00,-16.1167,23.2667,58.26,43,0,6.96,clear sky
549,Shimoda,JP,2022-07-25 22:30:00,34.6667,138.95,78.1,91,100,9.98,light rain
550,Tabuk,PH,2022-07-25 22:30:00,17.4189,121.4443,75.09,92,96,2.59,overcast clouds
551,Norfolk,US,2022-07-25 22:30:01,42.1668,-71.2495,89.49,51,40,17.27,scattered clouds
552,Mujiayingzi,CN,2022-07-25 22:30:01,42.1167,118.7833,72.72,72,88,5.75,overcast clouds
553,Madera,US,2022-07-25 22:27:57,37.1666,-119.8343,105.39,17,0,1.99,clear sky
554,Viru,PE,2022-07-25 22:30:02,-8.4167,-78.75,66.0,78,62,5.19,broken clouds
555,Bereda,ES,2022-07-25 22:30:03,43.2686,-7.5406,60.58,100,17,3.62,few clouds
556,Calama,CL,2022-07-25 22:30:03,-22.4667,-68.9333,68.49,10,0,17.27,clear sky
557,Dire Dawa,ET,2022-07-25 22:30:04,9.5931,41.8661,72.77,50,96,23.58,overcast clouds
558,Kjollefjord,NO,2022-07-25 22:30:04,70.9457,27.3465,53.65,94,75,0.0,light rain
559,Jiuquan,CN,2022-07-25 22:30:05,39.7432,98.5174,74.21,35,98,8.9,overcast clouds
560,San Juan,AR,2022-07-25 22:25:46,-31.5375,-68.5364,60.42,65,82,7.4,broken clouds
561,Misratah,LY,2022-07-25 22:30:06,32.3754,15.0925,81.12,73,0,8.55,clear sky
562,Soma,TR,2022-07-25 22:30:06,39.1855,27.6094,69.48,63,0,7.72,clear sky
563,Cambe,BR,2022-07-25 22:30:07,-23.2758,-51.2783,77.68,36,0,2.3,clear sky
564,Erenhot,CN,2022-07-25 22:23:40,43.6475,111.9767,76.55,40,100,11.25,overcast clouds
565,Sao Felix Do Xingu,BR,2022-07-25 22:30:07,-6.6447,-51.995,80.33,42,36,0.65,scattered clouds
566,Tocopilla,CL,2022-07-25 22:30:08,-22.092,-70.1979,62.01,73,24,7.18,few clouds
567,Alice Springs,AU,2022-07-25 22:28:24,-23.7,133.8833,36.95,87,0,0.0,clear sky
568,Hay River,CA,2022-07-25 22:30:08,60.8156,-115.7999,71.58,43,20,13.8,few clouds
569,Barauna,BR,2022-07-25 22:30:09,-5.08,-37.6167,78.19,60,92,10.25,overcast clouds
570,Gurlan,UZ,2022-07-25 22:30:09,41.8447,60.3919,84.27,43,96,15.12,overcast clouds
571,Ayorou,NE,2022-07-25 22:30:10,14.7308,0.9174,85.69,55,94,17.16,overcast clouds
572,Nanaimo,CA,2022-07-25 22:28:37,49.1663,-123.936,86.11,55,0,24.16,clear sky
573,Fort Smith,US,2022-07-25 22:30:11,35.3859,-94.3986,105.35,28,0,9.22,clear sky
574,Rayong,TH,2022-07-25 22:30:11,12.8333,101.4333,81.79,99,61,1.39,broken clouds
575,Camacha,PT,2022-07-25 22:27:19,33.0833,-16.3333,69.22,88,20,14.97,few clouds
576,Praia Da Vitoria,PT,2022-07-25 22:26:55,38.7333,-27.0667,75.76,94,40,2.62,scattered clouds
577,Madang,PG,2022-07-25 22:27:21,-5.2246,145.7966,78.31,88,40,3.18,scattered clouds
578,Bintulu,MY,2022-07-25 22:30:12,3.1667,113.0333,75.61,94,40,3.44,light rain
579,Svetlogorsk,BY,2022-07-25 22:29:52,52.6333,29.7333,57.45,95,2,5.7,clear sky
580,Samarai,PG,2022-07-25 22:30:13,-10.6167,150.6667,79.21,80,84,16.71,light rain
581,Middletown,US,2022-07-25 22:26:27,39.5151,-84.3983,80.98,67,0,11.99,clear sky
582,Fort Nelson,CA,2022-07-25 22:29:22,58.8053,-122.7002,74.79,41,75,4.61,broken clouds
583,Talaya,RU,2022-07-25 22:30:14,61.3833,152.75,68.65,39,11,4.61,few clouds
584,Chumikan,RU,2022-07-25 22:30:15,54.7183,135.315,55.47,88,99,4.72,overcast clouds
585,Richards Bay,ZA,2022-07-25 22:24:53,-28.783,32.0377,59.09,69,35,5.41,scattered clouds
586,Koungheul,SN,2022-07-25 22:30:15,13.9833,-14.8,76.87,92,97,11.56,light rain
587,Kahului,US,2022-07-25 22:27:49,20.8947,-156.47,86.02,64,20,25.32,few clouds
588,Kargil,IN,2022-07-25 22:30:16,34.5667,76.1,60.03,66,58,5.66,broken clouds
589,Luena,AO,2022-07-25 22:30:17,-11.7833,19.9167,56.32,38,0,4.56,clear sky
590,La Roche-Sur-Yon,FR,2022-07-25 22:30:04,46.6667,-1.4333,61.07,88,0,4.61,clear sky
591,Roros,NO,2022-07-25 22:27:46,62.5747,11.3842,49.84,100,20,2.3,few clouds
592,Mecca,SA,2022-07-25 22:30:18,21.4267,39.8261,88.99,48,99,7.47,overcast clouds
593,Waki,JP,2022-07-25 22:30:18,34.0667,134.15,84.02,83,79,1.83,broken clouds
594,Vestmannaeyjar,IS,2022-07-25 22:26:16,63.4427,-20.2734,53.06,77,100,9.26,overcast clouds
595,Coro,VE,2022-07-25 22:30:19,11.4045,-69.6734,80.82,79,30,19.77,scattered clouds
596,Big Spring,US,2022-07-25 22:30:20,32.2504,-101.4787,99.23,22,0,11.5,clear sky
597,Guane,CU,2022-07-25 22:30:20,22.2025,-84.0875,86.94,55,71,6.64,broken clouds
598,Mount Isa,AU,2022-07-25 22:26:51,-20.7333,139.5,58.77,55,0,14.97,clear sky
599,Mana,GF,2022-07-25 22:30:20,5.6592,-53.7767,79.02,88,99,7.72,overcast clouds
600,Laguna,US,2022-07-25 22:30:21,38.421,-121.4238,100.31,29,0,9.22,clear sky
601,La Ronge,CA,2022-07-25 22:30:22,55.1001,-105.2842,75.42,38,75,14.97,broken clouds
602,Sayyan,YE,2022-07-25 22:29:46,15.1718,44.3244,64.31,66,100,1.68,overcast clouds
603,Kokopo,PG,2022-07-25 22:30:22,-4.352,152.2633,82.11,70,9,3.67,clear sky
604,Winslow,US,2022-07-25 22:30:23,35.0242,-110.6974,86.18,37,0,3.44,clear sky
605,Fairbanks,US,2022-07-25 22:26:16,64.8378,-147.7164,73.4,53,75,11.5,broken clouds
606,Southbridge,US,2022-07-25 22:30:23,42.0751,-72.0334,84.24,78,88,1.01,overcast clouds
607,Paracatu,BR,2022-07-25 22:30:24,-17.2222,-46.8747,68.61,43,0,2.06,clear sky
608,Bathurst,AU,2022-07-25 22:30:25,-33.4166,149.5806,51.71,99,100,3.0,overcast clouds
609,Usinsk,RU,2022-07-25 22:30:25,65.9939,57.5281,49.77,73,100,18.54,overcast clouds
610,Eureka,US,2022-07-25 22:30:25,40.8021,-124.1637,75.2,76,51,5.01,broken clouds
611,Sainte-Maxime,FR,2022-07-25 22:30:26,43.3,6.6333,80.76,77,13,3.6,few clouds
612,Bathsheba,BB,2022-07-25 22:26:04,13.2167,-59.5167,81.21,92,40,13.8,scattered clouds
613,Yuyao,CN,2022-07-25 22:30:26,30.05,121.1494,78.57,78,85,2.24,overcast clouds
614,Cap Malheureux,MU,2022-07-25 22:30:27,-19.9842,57.6142,67.46,79,7,1.99,clear sky
615,Khor,RU,2022-07-25 22:30:28,47.8861,134.9464,71.24,83,18,4.94,few clouds
616,Iqaluit,CA,2022-07-25 22:30:28,63.7506,-68.5145,47.93,81,20,10.36,few clouds
617,Catamarca,AR,2022-07-25 22:30:28,-28.4696,-65.7852,76.77,57,10,1.99,clear sky
618,Roswell,US,2022-07-25 22:30:29,34.0232,-84.3616,88.59,73,40,8.05,scattered clouds
619,Arroyo,ES,2022-07-25 22:30:29,41.6096,-4.7969,68.14,68,0,13.8,clear sky
620,Graaff-Reinet,ZA,2022-07-25 22:30:30,-32.2522,24.5308,49.84,42,0,7.0,clear sky
621,Rio Grande,BR,2022-07-25 22:28:04,-32.035,-52.0986,62.71,97,95,5.68,overcast clouds
622,Yuksekova,TR,2022-07-25 22:30:30,37.5736,44.2872,56.95,67,0,2.3,clear sky
623,Gold Coast,AU,2022-07-25 22:30:24,-28.0,153.4333,61.18,90,1,6.91,clear sky
624,Shakhtinsk,KZ,2022-07-25 22:30:31,49.71,72.5872,63.68,45,3,8.52,clear sky
625,Khani,GE,2022-07-25 22:30:31,41.9563,42.9566,53.17,86,1,4.05,clear sky
626,Cedro,BR,2022-07-25 22:30:32,-6.6067,-39.0622,78.62,43,73,10.67,broken clouds
627,Joliet,US,2022-07-25 22:30:32,41.525,-88.0817,78.91,64,40,6.91,scattered clouds
628,Mandan,US,2022-07-25 22:26:17,46.8267,-100.8896,85.8,52,0,11.5,clear sky
629,Hofn,IS,2022-07-25 22:26:02,64.2539,-15.2082,51.21,88,77,5.73,broken clouds
630,Maxixe,MZ,2022-07-25 22:30:33,-23.8597,35.3472,59.36,85,0,7.58,clear sky
631,Kavaratti,IN,2022-07-25 22:30:33,10.5669,72.642,81.41,76,48,16.08,scattered clouds
632,Bubaque,GW,2022-07-25 22:27:18,11.2833,-15.8333,77.92,83,100,8.95,moderate rain
633,Kindersley,CA,2022-07-25 22:30:34,51.4668,-109.1682,66.22,72,75,11.5,broken clouds
634,Berbera,SO,2022-07-25 22:30:34,10.4396,45.0143,90.84,36,97,19.08,overcast clouds
635,Junction City,US,2022-07-25 22:27:32,39.0286,-96.8314,77.4,85,75,13.8,broken clouds
636,Guider,CM,2022-07-25 22:30:35,9.9342,13.9486,72.59,91,77,5.99,light rain
637,Atasu,KZ,2022-07-25 22:30:35,48.6814,71.6433,67.08,33,39,8.25,scattered clouds
638,Sisimiut,GL,2022-07-25 22:30:35,66.9395,-53.6735,44.4,84,99,10.69,overcast clouds
639,Kiunga,PG,2022-07-25 22:30:36,-6.1219,141.2906,74.32,99,100,2.71,overcast clouds
640,Ilulissat,GL,2022-07-25 22:30:36,69.2167,-51.1,46.42,87,75,3.44,broken clouds
641,Kozhevnikovo,RU,2022-07-25 22:30:37,56.2589,83.9714,50.25,92,95,2.86,overcast clouds
642,Mangrol,IN,2022-07-25 22:30:37,21.1167,70.1167,81.81,79,100,15.88,light rain
643,Nosy Varika,MG,2022-07-25 22:30:38,-20.5833,48.5333,64.76,91,31,3.62,scattered clouds
644,Pringsewu,ID,2022-07-25 22:30:38,-5.3582,104.9744,71.82,98,87,2.95,overcast clouds
645,Mayo,US,2022-07-25 22:25:48,38.8876,-76.5119,85.46,89,93,1.01,overcast clouds
646,Plouzane,FR,2022-07-25 22:30:39,48.3833,-4.6167,61.12,88,100,5.75,overcast clouds
647,Portobelo,PA,2022-07-25 22:30:39,9.55,-79.65,76.75,89,100,6.71,overcast clouds
648,Barcelos,PT,2022-07-25 22:30:39,41.5388,-8.6151,68.68,89,0,4.36,clear sky
649,Jiangyou,CN,2022-07-25 22:30:40,31.7667,104.7167,76.44,88,6,3.71,clear sky
650,Karasuk,RU,2022-07-25 22:30:40,53.7377,78.0403,61.29,59,12,5.1,few clouds
651,Xining,CN,2022-07-25 22:30:41,36.6167,101.7667,57.97,59,48,2.77,scattered clouds
652,Novobiryusinskiy,RU,2022-07-25 22:30:41,56.9578,97.7076,54.61,86,100,8.03,overcast clouds
653,Rock Sound,BS,2022-07-25 22:30:41,24.9,-76.2,82.8,77,100,17.52,overcast clouds
654,Male,MV,2022-07-25 22:27:24,4.1748,73.5089,80.55,89,40,13.8,scattered clouds
655,Kaura Namoda,NG,2022-07-25 22:30:42,12.5898,6.5779,79.38,75,52,15.66,broken clouds
656,Berdigestyakh,RU,2022-07-25 22:30:42,62.0989,126.6992,73.71,62,76,6.24,broken clouds
657,Tommot,RU,2022-07-25 22:30:43,58.9564,126.2925,75.29,60,40,3.15,scattered clouds
658,Abu Kamal,SY,2022-07-25 22:30:43,34.4506,40.9171,86.74,15,0,8.9,clear sky
659,Waipawa,NZ,2022-07-25 22:30:44,-41.4122,175.5153,52.65,96,100,12.93,light rain
660,Necochea,AR,2022-07-25 22:28:10,-38.5473,-58.7368,51.84,88,100,14.14,overcast clouds
661,Port-Gentil,GA,2022-07-25 22:30:44,-0.7193,8.7815,74.19,81,92,14.09,overcast clouds
662,Logan,US,2022-07-25 22:25:57,41.7355,-111.8344,93.69,33,0,5.01,clear sky
663,Amambai,BR,2022-07-25 22:30:45,-23.1042,-55.2258,73.49,36,1,5.59,clear sky
664,Kodinar,IN,2022-07-25 22:30:45,20.7903,70.7031,80.91,81,100,14.09,light rain
665,Merritt,CA,2022-07-25 22:30:45,50.1123,-120.7942,90.79,28,32,7.61,scattered clouds
666,Pemangkat,ID,2022-07-25 22:30:46,1.1667,108.9667,77.59,88,100,7.29,overcast clouds
667,Belmonte,BR,2022-07-25 22:30:46,-15.8631,-38.8828,71.44,80,54,8.61,broken clouds
668,Sumbal,IN,2022-07-25 22:30:46,34.2333,74.6333,68.07,91,93,0.92,overcast clouds
669,Pitimbu,BR,2022-07-25 22:30:47,-7.4706,-34.8086,75.79,80,62,12.35,broken clouds
670,Amol,IR,2022-07-25 22:30:47,36.4696,52.3507,72.39,84,44,2.13,scattered clouds
671,Markova,UA,2022-07-25 22:30:48,48.6758,24.4138,58.59,67,0,4.85,clear sky
672,Manggar,ID,2022-07-25 22:30:48,-2.8833,108.2667,80.62,78,99,13.33,overcast clouds
673,Aksarka,RU,2022-07-25 22:30:48,66.5606,67.7975,50.4,79,96,16.87,overcast clouds
674,Haapiti,PF,2022-07-25 22:30:49,-17.5667,-149.8667,83.93,83,85,2.57,moderate rain
675,Zambezi,ZM,2022-07-25 22:30:49,-13.5432,23.1047,55.56,44,0,5.86,clear sky
676,Terrace Bay,CA,2022-07-25 22:30:49,48.7834,-87.1,55.11,68,17,10.42,few clouds
677,Zhigansk,RU,2022-07-25 22:30:50,66.7697,123.3711,67.71,56,10,1.97,clear sky
678,Dubbo,AU,2022-07-25 22:30:50,-32.25,148.6167,50.13,93,100,9.22,overcast clouds
679,Kendari,ID,2022-07-25 22:30:50,-3.945,122.4989,73.85,93,37,2.8,scattered clouds
680,Pereira Barreto,BR,2022-07-25 22:30:51,-20.6383,-51.1092,75.79,35,6,2.1,clear sky
681,Gardez,AF,2022-07-25 22:30:51,33.5974,69.2259,64.36,85,35,2.71,scattered clouds
682,Tazovskiy,RU,2022-07-25 22:30:52,67.4667,78.7,49.05,84,100,10.07,overcast clouds
683,Taree,AU,2022-07-25 22:30:52,-31.9,152.4667,58.1,84,32,2.82,scattered clouds
684,Hit,IQ,2022-07-25 22:30:52,33.6416,42.8251,88.68,13,0,7.9,clear sky
685,Mangai,CD,2022-07-25 22:30:53,-4.05,19.5333,76.14,62,79,2.28,broken clouds
686,Chhindwara,IN,2022-07-25 22:30:53,22.0667,78.9333,71.49,95,100,0.38,light rain
687,Luebo,CD,2022-07-25 22:30:54,-5.35,21.4167,78.94,37,54,1.16,broken clouds
